Question,Answer,Answer Key,A,B,C,D,E,Source
가꾸목의 순화어로 알맞은 것은?,각목,A,각목,토대,준비,품,기초,고용노동부
가랑의 순화어로 알맞은 것은?,수도꼭지,A,수도꼭지,수평보기,페인트,천장,바닥,고용노동부
뎃빵의 순화어로 알맞은 것은?,철판,D,함석,각목,씻어내기,철판,도급주기,고용노동부
노깡의 순화어로 알맞은 것은?,토관,E,"그물, 망",지렛대,씻어내기,마감하기,토관,고용노동부
베니다의 순화어로 알맞은 것은?,합판,A,합판,경첩(힌지),두루마리,준비,동바리,고용노동부
스리 가라스의 순화어로 알맞은 것은?,반투명 유리,A,반투명 유리,가로,맞닿기,폭,볼트 조이기,고용노동부
아나방의 순화어로 알맞은 것은?,구멍철판(P.S.P),B,밑면,구멍철판(P.S.P),"뇟쇠, 황동",장선,웃인방,고용노동부
쿠사비의 순화어로 알맞은 것은?,쐐기,E,웃인방,옷장,반장,테이프 자,쐐기,고용노동부
다루끼의 순화어로 알맞은 것은?,서까래,E,창틀,끌,틀,마감하기,서까래,고용노동부
아시바의 순화어로 알맞은 것은?,비계,B,선반,비계,물끊기,분배,주인,고용노동부
우마의 순화어로 알맞은 것은?,발돋움대,C,속임수,"뇟쇠, 황동",발돋움대,가득,한장,고용노동부
가꾸부찌의 순화어로 알맞은 것은?,문선,A,문선,걸레받이,쇠흙손,서까래,문틀,고용노동부
공구리의 순화어로 알맞은 것은?,콘크리트,B,송곳,콘크리트,동바리,지렛대,가로,고용노동부
반생의 순화어로 알맞은 것은?,결속선,A,결속선,틀,경첩(힌지),반투명 유리,녹막이,고용노동부
도이의 순화어로 알맞은 것은?,홈통,E,주걱,토공,끌,담합,홈통,고용노동부
뺑끼의 순화어로 알맞은 것은?,페인트,E,볼트 조이기,토대,둥근봉,가로,페인트,고용노동부
신쮸(우)의 순화어로 알맞은 것은?,"뇟쇠, 황동",B,다시하기,"뇟쇠, 황동",바름바탕,함석,테이프 자,고용노동부
조방의 순화어로 알맞은 것은?,경첩(힌지),C,줄,단골,경첩(힌지),창선반,토대,고용노동부
기리바시의 순화어로 알맞은 것은?,버팀대,A,버팀대,밑홈대,속임수,대기,버림 콘크리트,고용노동부
삽보드의 순화어로 알맞은 것은?,받침목(써포트),E,토대,도급,도급주기,지렛대,받침목(써포트),고용노동부
오오미끼의 순화어로 알맞은 것은?,멍에,D,토공,벽돌 흙손,옷장,멍에,세로,고용노동부
네다의 순화어로 알맞은 것은?,장선,B,홈파기 대패,장선,끌,둥근톱,단골,고용노동부
렝가의 순화어로 알맞은 것은?,벽돌,A,벽돌,흙막이,계단참,바름바탕,볼트 조이기,고용노동부
도당의 순화어로 알맞은 것은?,함석,D,통나무,페인트,멍에,함석,주물,고용노동부
가다의 순화어로 알맞은 것은?,"틀, 본",A,"틀, 본",두루마리,벽돌,선반,나무 흙손,고용노동부
다데구의 순화어로 알맞은 것은?,창호,D,고창,홈파기,대기,창호,"지불, 계산",고용노동부
마루다의 순화어로 알맞은 것은?,통나무,B,문틀,통나무,안고 돌기,계단 챌면,줄눈,고용노동부
가다(와꾸)의 순화어로 알맞은 것은?,거푸집,E,옷장,재(목재),녹막이,칸막이벽,거푸집,고용노동부
가나모노의 순화어로 알맞은 것은?,철물,C,현장식당,물끊기,철물,손비빔,"틀, 본",고용노동부
구이의 순화어로 알맞은 것은?,말뚝,D,홈통,"뇟쇠, 황동",수레,말뚝,채양,고용노동부
가라스의 순화어로 알맞은 것은?,유리,B,비계,유리,흙막이,마감하기,도급,고용노동부
이모노의 순화어로 알맞은 것은?,주물,C,줄눈,원형대패,주물,무쟁이,수도꼭지,고용노동부
시아게의 순화어로 알맞은 것은?,마무리,A,마무리,창선반,종료,무쟁이,3치,고용노동부
나오시의 순화어로 알맞은 것은?,고치기,E,ㅅ자보,각목,제치장,구멍철판(P.S.P),고치기,고용노동부
노바시의 순화어로 알맞은 것은?,늘리기,D,수도꼭지,한장,규준틀,늘리기,문선,고용노동부
데나오시의 순화어로 알맞은 것은?,다시하기,E,마감하기,줄,마무리,가로,다시하기,고용노동부
멕끼의 순화어로 알맞은 것은?,도금,C,계단 챌면,바름바탕,도금,마감하기,먹둘놓기,고용노동부
사비도메의 순화어로 알맞은 것은?,녹막이,C,틀,반투명 유리,녹막이,분배,울룩불룩,고용노동부
스미의 순화어로 알맞은 것은?,먹둘놓기,B,가새,먹둘놓기,기둥,통나무,경첩(힌지),고용노동부
야리가다의 순화어로 알맞은 것은?,규준틀,D,울룩불룩,높이,도금,규준틀,재(목재),고용노동부
후끼의 순화어로 알맞은 것은?,뿜칠,B,기초,뿜칠,문틀,토공,원척도,고용노동부
오사에의 순화어로 알맞은 것은?,누름,D,녹막이,마감하기,멍에,누름,테이프 자,고용노동부
나라시의 순화어로 알맞은 것은?,고르기,B,현장식당,고르기,틀,안고 돌기,녹막이,고용노동부
단도리의 순화어로 알맞은 것은?,준비,C,3치,평방미터,준비,터파기,현장식당,고용노동부
노리비끼의 순화어로 알맞은 것은?,풀칠,A,풀칠,두루마리,가새,경사,창호,고용노동부
데네리의 순화어로 알맞은 것은?,손비빔,D,물끊기,"반장,우두머리",창틀,손비빔,임시 조이기,고용노동부
멘도리의 순화어로 알맞은 것은?,모접기,D,문틀,거푸집,토공,모접기,두장,고용노동부
스데공구리의 순화어로 알맞은 것은?,버림 콘크리트,D,주물,기둥,철판,버림 콘크리트,볼트 조이기,고용노동부
미즈모리의 순화어로 알맞은 것은?,수평보기,E,경첩(힌지),터파기,둥근톱,창틀,수평보기,고용노동부
오사마리의 순화어로 알맞은 것은?,마감하기,E,홈통,담합,"반장,우두머리",틀,마감하기,고용노동부
누리지의 순화어로 알맞은 것은?,바름바탕,B,도급,바름바탕,숙련공,토공,멍에,고용노동부
보도시메의 순화어로 알맞은 것은?,볼트 조이기,B,창선반,볼트 조이기,주인,준비,통나무,고용노동부
나라시의 순화어로 알맞은 것은?,고르기,D,끌,보,품,고르기,먹둘놓기,고용노동부
단도리의 순화어로 알맞은 것은?,준비,D,멍에,말뚝,윗면,준비,맞닿기,고용노동부
노리비끼의 순화어로 알맞은 것은?,풀칠,E,나사송곳,속임수,넓은날 정,두루마리,풀칠,고용노동부
데네리의 순화어로 알맞은 것은?,손비빔,D,흙손,물끊기,도금,손비빔,무쟁이,고용노동부
멘도리의 순화어로 알맞은 것은?,모접기,B,칸막이벽,모접기,기초,속임수,둥근봉,고용노동부
스데공구리의 순화어로 알맞은 것은?,버림 콘크리트,A,버림 콘크리트,세로,마감하기,"지불, 계산",늘리기,고용노동부
미즈모리의 순화어로 알맞은 것은?,수평보기,E,둥근,모접기,분배,마무리,수평보기,고용노동부
오사마리의 순화어로 알맞은 것은?,마감하기,A,마감하기,준비,계단참,테이프 자,걸레받이,고용노동부
누리지의 순화어로 알맞은 것은?,바름바탕,C,씻어내기,조립,바름바탕,경사,고르기,고용노동부
보도시메의 순화어로 알맞은 것은?,볼트 조이기,C,모접기,드릴,볼트 조이기,발돋움대,도금,고용노동부
야마도메의 순화어로 알맞은 것은?,흙막이,C,비계공,드릴,흙막이,폭,벽돌 흙손,고용노동부
마끼까이의 순화어로 알맞은 것은?,되감기,A,되감기,변통,수평보기,"틀, 본",끌,고용노동부
사꾸리의 순화어로 알맞은 것은?,홈파기,A,홈파기,고창,수도꼭지,다시하기,계단참,고용노동부
호리가다의 순화어로 알맞은 것은?,터파기,A,터파기,넓은날 정,누름,통나무,세로,고용노동부
구미다메의 순화어로 알맞은 것은?,조립,C,모접기,토공,조립,버팀대,줄눈,고용노동부
가리시메의 순화어로 알맞은 것은?,임시 조이기,B,가새,임시 조이기,각목,둥근톱,계단참,고용노동부
아리이다시의 순화어로 알맞은 것은?,씻어내기,E,대기,받침목(써포트),주인,풀칠,씻어내기,고용노동부
야리나오시의 순화어로 알맞은 것은?,다시하기,D,맞닿기,"반장,우두머리",원척도,다시하기,나사송곳,고용노동부
가네고데의 순화어로 알맞은 것은?,쇠흙손,A,쇠흙손,대기,도급주기,안고 돌기,반투명 유리,고용노동부
고데의 순화어로 알맞은 것은?,흙손,A,흙손,바름바탕,고르기,사선,테이프 자,고용노동부
기고데의 순화어로 알맞은 것은?,나무 흙손,C,쐐기,합판,나무 흙손,바닥,톱니(산),고용노동부
보루방의 순화어로 알맞은 것은?,드릴,C,바닥,현장식당,드릴,장선,대,고용노동부
빠루의 순화어로 알맞은 것은?,못뽑기 공구,A,못뽑기 공구,뿜칠,계단참,숙련공,도급,고용노동부
오삽의 순화어로 알맞은 것은?,평삽,D,결속선,원척도,도급,평삽,무쟁이,고용노동부
구루마의 순화어로 알맞은 것은?,수레,B,버림 콘크리트,수레,흙막이,누름,합판,고용노동부
노미의 순화어로 알맞은 것은?,끌,E,현장식당,변통,풀칠,고르기,끌,고용노동부
마끼자의 순화어로 알맞은 것은?,테이프 자,A,테이프 자,반투명 유리,임시 조이기,무쟁이,채양,고용노동부
사게부리의 순화어로 알맞은 것은?,다림추,A,다림추,대,토공,수레,뿜칠,고용노동부
야스리의 순화어로 알맞은 것은?,줄,B,수도꼭지,줄,손비빔,"반장,우두머리",창선반,고용노동부
헤라의 순화어로 알맞은 것은?,주걱,D,걸레받이,먹둘놓기,풀칠,주걱,누름,고용노동부
다가네의 순화어로 알맞은 것은?,넓은날 정,C,두루마리,조립,넓은날 정,풀칠,옷장,고용노동부
기리의 순화어로 알맞은 것은?,송곳,D,철물,가불,"틀, 본",송곳,줄눈,고용노동부
데꼬의 순화어로 알맞은 것은?,지렛대,E,경첩(힌지),무쟁이,기초,폭,지렛대,고용노동부
렝가고데의 순화어로 알맞은 것은?,벽돌 흙손,E,3치,품,"뇟쇠, 황동",고르기,벽돌 흙손,고용노동부
기무네의 순화어로 알맞은 것은?,나사송곳,C,틀,멍에,나사송곳,토관,창틀,고용노동부
겐노오의 순화어로 알맞은 것은?,쇠메,C,버림 콘크리트,못뽑기 공구,쇠메,바닥,송곳,고용노동부
마루간나의 순화어로 알맞은 것은?,원형대패,C,한장,손비빔,원형대패,속임수,수레,고용노동부
마루노꼬의 순화어로 알맞은 것은?,둥근톱,A,둥근톱,도금,현장식당,반장,걸레받이,고용노동부
사꾸리 간나의 순화어로 알맞은 것은?,홈파기 대패,C,고르기,벽돌 흙손,홈파기 대패,두루마리,안고 돌기,고용노동부
아미의 순화어로 알맞은 것은?,"그물, 망",E,마감하기,동바리,철물,문지방,"그물, 망",고용노동부
간죠의 순화어로 알맞은 것은?,"지불, 계산",A,"지불, 계산",반장,주인,비계,흙손,고용노동부
당고오의 순화어로 알맞은 것은?,담합,D,기둥,창호,고창,담합,서까래,고용노동부
데마찌의 순화어로 알맞은 것은?,대기,B,씻어내기,대기,중도리,누름,토대,고용노동부
겐또의 순화어로 알맞은 것은?,짐작,B,현장식당,짐작,볼트 조이기,물끊기,도급주기,고용노동부
데마의 순화어로 알맞은 것은?,품,D,중간책,송곳,3치,품,고르기,고용노동부
함바의 순화어로 알맞은 것은?,현장식당,B,무쟁이,현장식당,홈파기,못뽑기 공구,출역,고용노동부
데즈라의 순화어로 알맞은 것은?,출역,E,볼트 조이기,도급,거푸집,도급주기,출역,고용노동부
돈내기의 순화어로 알맞은 것은?,도급,D,둥근면,지렛대,헛간,도급,먹둘놓기,고용노동부
마이가리의 순화어로 알맞은 것은?,가불,B,고르기,가불,3치,각목,출역,고용노동부
모찌꼬미의 순화어로 알맞은 것은?,안고 돌기,D,반투명 유리,합판,계단 챌면,안고 돌기,홈파기 대패,고용노동부
시마이의 순화어로 알맞은 것은?,종료,A,종료,도금,가새,채양,다시하기,고용노동부
분빠이의 순화어로 알맞은 것은?,분배,C,윗면,비계공,분배,통나무,두장,고용노동부
야리끼리의 순화어로 알맞은 것은?,도급주기,A,도급주기,모접기,수평보기,현장식당,틀,고용노동부
야미의 순화어로 알맞은 것은?,암거래,B,밑면,암거래,줄,둥근봉,단골,고용노동부
우께도리의 순화어로 알맞은 것은?,도급,E,두루마리,풀칠,제치장,유리,도급,고용노동부
야리꾸리의 순화어로 알맞은 것은?,변통,A,변통,고치기,속임수,입방미터,채양,고용노동부
고마까시의 순화어로 알맞은 것은?,속임수,C,멍에,종료,속임수,창호,난간,고용노동부
야지의 순화어로 알맞은 것은?,야유,D,대,맞닿기,쐐기,야유,옷장,고용노동부
루베의 순화어로 알맞은 것은?,입방미터,E,숙련공,볼트 조이기,경첩(힌지),드릴,입방미터,고용노동부
마기의 순화어로 알맞은 것은?,두루마리,A,두루마리,다시하기,버림 콘크리트,모접기,수도꼭지,고용노동부
만땅의 순화어로 알맞은 것은?,가득,D,합판,늘리기,문소란,가득,3치,고용노동부
사이의 순화어로 알맞은 것은?,재(목재),B,웃인방,재(목재),쇠메,"지불, 계산",누름,고용노동부
산승가꾸의 순화어로 알맞은 것은?,3치각,D,준비,드릴,난간,3치각,주걱,고용노동부
입빠이의 순화어로 알맞은 것은?,충분히,D,동바리,비계공,통나무,충분히,주인,고용노동부
야마의 순화어로 알맞은 것은?,톱니(산),B,충분히,톱니(산),수평보기,콘크리트,안옥음,고용노동부
헤베의 순화어로 알맞은 것은?,평방미터,B,눈금,평방미터,재(목재),분배,계단,고용노동부
니마이의 순화어로 알맞은 것은?,두장,E,줄,담합,수도꼭지,주걱,두장,고용노동부
이찌마이의 순화어로 알맞은 것은?,한장,E,창틀,"징두리, 허리",통나무,조립,한장,고용노동부
메모리의 순화어로 알맞은 것은?,눈금,E,콘크리트,"지불, 계산",원형대패,안고 돌기,눈금,고용노동부
산승의 순화어로 알맞은 것은?,3치,B,평방미터,3치,녹막이,비계,천장,고용노동부
노가다의 순화어로 알맞은 것은?,토공,A,토공,볼트 조이기,"틀, 본","뇟쇠, 황동",철물,고용노동부
데모도의 순화어로 알맞은 것은?,보조인부,A,보조인부,버림 콘크리트,구멍철판(P.S.P),재(목재),당김공,고용노동부
시로도의 순화어로 알맞은 것은?,무쟁이,A,무쟁이,손비빔,버림 콘크리트,폭,안옥음,고용노동부
오야지의 순화어로 알맞은 것은?,주인,D,눈금,지렛대,나사송곳,주인,비계공,고용노동부
오야의 순화어로 알맞은 것은?,반장,E,물끊기,"그물, 망",안옥음,문선,반장,고용노동부
도비의 순화어로 알맞은 것은?,비계공,D,구멍철판(P.S.P),콘크리트,풀칠,비계공,품,고용노동부
쇼쿠닝의 순화어로 알맞은 것은?,숙련공,E,채양,문소란,두장,품,숙련공,고용노동부
핫빠리의 순화어로 알맞은 것은?,당김공,A,당김공,쇠흙손,준비,창선반,칸막이벽,고용노동부
도가다의 순화어로 알맞은 것은?,토공,C,준비,토관,토공,수평보기,평방미터,고용노동부
나까마의 순화어로 알맞은 것은?,중간책,B,테이프 자,중간책,발돋움대,가득,걸레받이,고용노동부
도꾸이의 순화어로 알맞은 것은?,단골,E,재(목재),3치,유리,무쟁이,단골,고용노동부
오야가다의 순화어로 알맞은 것은?,"반장,우두머리",B,가불,"반장,우두머리",흙손,기둥,구멍철판(P.S.P),고용노동부
답빠의 순화어로 알맞은 것은?,높이,A,높이,반자틀대,녹막이,고창,기초,고용노동부
데꼬보꼬의 순화어로 알맞은 것은?,울룩불룩,C,문소란,칸막이벽,울룩불룩,넓은날 정,암거래,고용노동부
덴바의 순화어로 알맞은 것은?,윗면,D,평방미터,문소란,누름,윗면,고르기,고용노동부
아다리의 순화어로 알맞은 것은?,맞닿기,A,맞닿기,마감하기,철판,품,수도꼭지,고용노동부
하바의 순화어로 알맞은 것은?,폭,E,드릴,문소란,테이프 자,볼트 조이기,폭,고용노동부
고오바이의 순화어로 알맞은 것은?,경사,C,"지불, 계산",평삽,경사,창틀,구멍철판(P.S.P),고용노동부
나나메의 순화어로 알맞은 것은?,사선,E,눈금,충분히,폭,문지방,사선,고용노동부
시다지의 순화어로 알맞은 것은?,바탕,A,바탕,규준틀,칸막이벽,결속선,폭,고용노동부
겐승의 순화어로 알맞은 것은?,원척도,B,풀칠,원척도,걸레받이,준비,"그물, 망",고용노동부
메지의 순화어로 알맞은 것은?,줄눈,C,가득,마감하기,줄눈,안고 돌기,안옥음,고용노동부
미다시의 순화어로 알맞은 것은?,제치장,B,먹둘놓기,제치장,틀,바름바탕,높이,고용노동부
히꼬미의 순화어로 알맞은 것은?,안옥음,D,보조인부,유리,토공,안옥음,홈파기 대패,고용노동부
다데의 순화어로 알맞은 것은?,세로,C,선반,구멍철판(P.S.P),세로,바탕,맞닿기,고용노동부
요꼬의 순화어로 알맞은 것은?,가로,A,가로,멍에,바탕,함석,창틀,고용노동부
마루의 순화어로 알맞은 것은?,둥근,A,둥근,현장식당,다시하기,짐작,홈파기,고용노동부
시다바의 순화어로 알맞은 것은?,밑면,A,밑면,눈금,"그물, 망",주인,터파기,고용노동부
마루보의 순화어로 알맞은 것은?,둥근봉,C,경사,암거래,둥근봉,주걱,고치기,고용노동부
마루멘의 순화어로 알맞은 것은?,둥근면,D,둥근,철판,줄눈,둥근면,틀,고용노동부
기가다의 순화어로 알맞은 것은?,목형,D,드릴,버팀대,쇠메,목형,기초,고용노동부
고야의 순화어로 알맞은 것은?,헛간,B,드릴,헛간,주인,벽,거푸집,고용노동부
가이당의 순화어로 알맞은 것은?,계단,E,둥근,충분히,수도꼭지,되감기,계단,고용노동부
갓쇼오의 순화어로 알맞은 것은?,ㅅ자보,A,ㅅ자보,쇠흙손,장선,담합,홈파기 대패,고용노동부
게꼬미의 순화어로 알맞은 것은?,계단 챌면,E,되감기,누름,계단참,수평보기,계단 챌면,고용노동부
고시의 순화어로 알맞은 것은?,"징두리, 허리",A,"징두리, 허리",가불,수평보기,둥근봉,동바리,고용노동부
덴죠의 순화어로 알맞은 것은?,천장,A,천장,도급주기,규준틀,보조인부,벽돌,고용노동부
다이의 순화어로 알맞은 것은?,대,B,보,대,둥근톱,테이프 자,울룩불룩,고용노동부
데스리의 순화어로 알맞은 것은?,난간,C,종료,반투명 유리,난간,수평보기,칸막이벽,고용노동부
마구사의 순화어로 알맞은 것은?,웃인방,A,웃인방,버림 콘크리트,도급주기,안옥음,마감하기,고용노동부
마지끼리의 순화어로 알맞은 것은?,칸막이벽,D,현장식당,"징두리, 허리",물끊기,칸막이벽,씻어내기,고용노동부
하바끼의 순화어로 알맞은 것은?,걸레받이,C,누름,둥근면,걸레받이,모접기,버림 콘크리트,고용노동부
단스의 순화어로 알맞은 것은?,옷장,B,비계,옷장,합판,당김공,멍에,고용노동부
문와꾸의 순화어로 알맞은 것은?,문틀,E,한장,야유,주물,마감하기,문틀,고용노동부
미즈끼리의 순화어로 알맞은 것은?,물끊기,A,물끊기,결속선,"그물, 망",콘크리트,마감하기,고용노동부
오도리바의 순화어로 알맞은 것은?,계단참,A,계단참,문소란,주인,흙손,제치장,고용노동부
젠다이의 순화어로 알맞은 것은?,창선반,D,콘크리트,난간,웃인방,창선반,조립,고용노동부
하사시의 순화어로 알맞은 것은?,채양,E,안고 돌기,토공,합판,품,채양,고용노동부
하리의 순화어로 알맞은 것은?,보,D,모접기,주물,칸막이벽,보,지렛대,고용노동부
하시라의 순화어로 알맞은 것은?,기둥,E,문지방,담합,되감기,야유,기둥,고용노동부
유까의 순화어로 알맞은 것은?,바닥,B,조립,바닥,흙손,벽,통나무,고용노동부
가베의 순화어로 알맞은 것은?,벽,D,"그물, 망",창틀,웃인방,벽,모접기,고용노동부
노부찌의 순화어로 알맞은 것은?,반자틀대,A,반자틀대,둥근봉,걸레받이,보,늘리기,고용노동부
다나의 순화어로 알맞은 것은?,선반,A,선반,둥근면,끌,줄,손비빔,고용노동부
기소의 순화어로 알맞은 것은?,기초,C,받침목(써포트),테이프 자,기초,안고 돌기,"징두리, 허리",고용노동부
와꾸의 순화어로 알맞은 것은?,틀,D,마감하기,"뇟쇠, 황동",벽돌 흙손,틀,끌,고용노동부
시끼의 순화어로 알맞은 것은?,문지방,B,처마,문지방,토대,가새,가불,고용노동부
스지까이의 순화어로 알맞은 것은?,가새,D,당김공,합판,수평보기,가새,고르기,고용노동부
도다이의 순화어로 알맞은 것은?,토대,D,벽돌,주인,둥근봉,토대,멍에,고용노동부
도아다리의 순화어로 알맞은 것은?,문소란,A,문소란,원척도,토공,가새,도급,고용노동부
람마의 순화어로 알맞은 것은?,고창,A,고창,안고 돌기,다시하기,대기,단골,고용노동부
마도와꾸의 순화어로 알맞은 것은?,창틀,B,"그물, 망",창틀,보,철판,칸막이벽,고용노동부
시끼이의 순화어로 알맞은 것은?,밑홈대,C,벽돌 흙손,짐작,밑홈대,풀칠,쐐기,고용노동부
모야의 순화어로 알맞은 것은?,중도리,B,주물,중도리,옷장,벽,쇠메,고용노동부
로끼의 순화어로 알맞은 것은?,처마,D,문틀,고창,울룩불룩,처마,"뇟쇠, 황동",고용노동부
바라시의 순화어로 알맞은 것은?,동바리,A,동바리,짐작,재(목재),변통,흙손,고용노동부
가쿠목의 순화어로 알맞은 것은?,각목(角木),D,문바퀴,한장(쌓기),"마감, 끝냄",각목(角木),"동강(나무),
끄트러기, 자투리",대한건설단체총연합회
가쿠부치의 순화어로 알맞은 것은?,문틀선,A,문틀선,선홈통,"노루발 장도리,
쇠지레",달대,덤돋우기(더돋기),대한건설단체총연합회
가쿠자이의 순화어로 알맞은 것은?,각재(角材),D,"잡석(雜石), 막돌","추렴, 주식",되비비기,각재(角材),"배합(配合),
섞음푼수",대한건설단체총연합회
가네가타의 순화어로 알맞은 것은?,"금형, 쇠거푸집",E,"기계비빔, 틀반죽",현관(문간),네 치 각,체가름,"금형, 쇠거푸집",대한건설단체총연합회
가타의 순화어로 알맞은 것은?,"틀, 골",E,한치오푼각,시공이음,적층합판(積層合板),"거꿀씌움
역 라이닝","틀, 골",대한건설단체총연합회
가타키리의 순화어로 알맞은 것은?,외쪽깎기,C,버력,덤돋우기(더돋기),외쪽깎기,굵은철선/쇠줄,임시울타리,대한건설단체총연합회
가타도리의 순화어로 알맞은 것은?,본뜨기,C,두겁대,기준틀,본뜨기,다짐,장남감,대한건설단체총연합회
가타모리의 순화어로 알맞은 것은?,외쪽돋기,B,"가로, 옆",외쪽돋기,무지개 거푸집,창호 철물,토분,대한건설단체총연합회
가타아시바의 순화어로 알맞은 것은?,외줄비계,B,줄기초,외줄비계,"통줄눈, 통사춤",네 치 각,삼 육,대한건설단체총연합회
가타와쿠의 순화어로 알맞은 것은?,거푸집,A,거푸집,채석장(採石場),무지개 거푸집,"면박, 핀잔",동바리,대한건설단체총연합회
가타와쿠이타의 순화어로 알맞은 것은?,거푸집널(판),C,칸자,틀송곳,거푸집널(판),칸막이,"돌림띠, 쇠시리",대한건설단체총연합회
가타이타의 순화어로 알맞은 것은?,본판,B,모접기,본판,지붕이기,내관,녹막이 칠,대한건설단체총연합회
가도의 순화어로 알맞은 것은?,모서리,D,메우기,"난간, 난간끝,
난간머리",곁꾼,모서리,기둥나누기,대한건설단체총연합회
가도가네의 순화어로 알맞은 것은?,"모서리쇠, 귓쇠",D,벽돌,나무틀,배근(配筋),"모서리쇠, 귓쇠",재손질,대한건설단체총연합회
가라네리의 순화어로 알맞은 것은?,"건비빔, 건반죽",C,깔도리,"틀, 울거미, 테","건비빔, 건반죽","갓돌, 턱돌","토사(土砂), 흙모래",대한건설단체총연합회
가라도의 순화어로 알맞은 것은?,"양판문, 양널문",E,"망체, 그물체",함척,"노루발 장도리,
쇠지레",먹매김,"양판문, 양널문",대한건설단체총연합회
가라쓰미의 순화어로 알맞은 것은?,"메쌓기(토),
건성쌓기(건)",B,초인종,"메쌓기(토),
건성쌓기(건)",줄기초 파기,강자갈,"발판널, 비계널",대한건설단체총연합회
가란의 순화어로 알맞은 것은?,수도꼭지,A,수도꼭지,자,"기울기, 물매",구멍철판,오 푼 널,대한건설단체총연합회
가리가코이의 순화어로 알맞은 것은?,임시울타리,E,쐐기,"받침쇠, 와셔
(washer)","제비뽑기, 추첨",재칠,임시울타리,대한건설단체총연합회
가리고야의 순화어로 알맞은 것은?,헛간,C,"바닥, 마루","건비빔, 건반죽",헛간,치수,함척,대한건설단체총연합회
가리구미타테의 순화어로 알맞은 것은?,임시조립,E,"세로줄눈, 세로사춤",삼 육,"배철근, 스터럽
(stirrup)","맞댐면, 접합면",임시조립,대한건설단체총연합회
가리시메의 순화어로 알맞은 것은?,임시죄기,C,여유,갈이틀,임시죄기,늘이기,물푸기,대한건설단체총연합회
가리시메키리의 순화어로 알맞은 것은?,임시물막이,A,임시물막이,끝마구리,하도급,버릇,구멍철판,대한건설단체총연합회
가리지쿠토의 순화어로 알맞은 것은?,"축도(築島), 임시섬",C,"널 말뚝(토)
흙막이널(건)",각목(角木),"축도(築島), 임시섬",우선지급,"정, 강철끌",대한건설단체총연합회
가마치의 순화어로 알맞은 것은?,"울거미, 문틀",C,흙막이,송곳닛돌,"울거미, 문틀",처마도리,"미레자, 곱자,
곡척",대한건설단체총연합회
가베의 순화어로 알맞은 것은?,벽,E,"널 말뚝(토)
흙막이널(건)","갓돌, 턱돌",품셈,구멍철판,벽,대한건설단체총연합회
가부리아쓰사의 순화어로 알맞은 것은?,"거죽두께, 덮임두께",D,난간,나사,본기둥,"거죽두께, 덮임두께",기둥,대한건설단체총연합회
가사네쓰기테의 순화어로 알맞은 것은?,"겹이음(토), 겹침",C,"3mm합판,
1푼합판",공간 쌓기,"겹이음(토), 겹침",지붕보,"받침목, 침목(枕木)",대한건설단체총연합회
가사키의 순화어로 알맞은 것은?,두겁대,E,"품삯(노임), 계산, 셈",적중,"마구리, 잔머리","다짐바닥, 토방",두겁대,대한건설단체총연합회
가스가이의 순화어로 알맞은 것은?,꺾쇠,E,돌가루,"돌붙임, 붙임돌","부본(副本), 덧벌, 베낌벌",기초,꺾쇠,대한건설단체총연합회
가와네리의 순화어로 알맞은 것은?,"마른비빔, 건비빔",C,나사돌리개(드라이버),덤핑(입찰의),"마른비빔, 건비빔",차양(遮陽),도맡기,대한건설단체총연합회
가와스나의 순화어로 알맞은 것은?,강모래,B,"부본(副本), 덧벌, 베낌벌",강모래,뒷길이,뒤채움,"각재, 모나무",대한건설단체총연합회
가와자리의 순화어로 알맞은 것은?,강자갈,A,강자갈,"시방서, 방법서",잔다듬(기),바탕,창선반,대한건설단체총연합회
가이단의 순화어로 알맞은 것은?,"층계, 계단",E,회반죽,누름콘크리트,마구리 쌓기,한장(쌓기),"층계, 계단",대한건설단체총연합회
가쿠부치의 순화어로 알맞은 것은?,"창문선, 틀",C,"냄새막이관
트랩(trap)",오 푼 널,"창문선, 틀","정, 끌",공간 쌓기,대한건설단체총연합회
가쿠세키의 순화어로 알맞은 것은?,"네모돌, 각석, 모돌",C,말뚝박기,"배합(配合),
섞음푼수","네모돌, 각석, 모돌","풋내기, 애숭이, 신출내기",꺾쇠,대한건설단체총연합회
가쿠자이의 순화어로 알맞은 것은?,"각재, 모나무",B,"창호(窓戶), 창문","각재, 모나무",(건설현장근로자),"상태, 가락",라이닝(lining),대한건설단체총연합회
간데라의 순화어로 알맞은 것은?,"칸델라, 호롱불",E,라이닝(lining),야유,"분배, 나눔, 노늠","페인트, 칠, 양칠","칸델라, 호롱불",대한건설단체총연합회
간조의 순화어로 알맞은 것은?,"품삯(노임), 계산, 셈",E,창틀,"줄눈대,사춤대",고름질,"석재(石材), 돌","품삯(노임), 계산, 셈",대한건설단체총연합회
갓쇼의 순화어로 알맞은 것은?,ㅅ(시옷) 자보,A,ㅅ(시옷) 자보,기다림,지붕(바탕)널,삽입근,"심보, 본색",대한건설단체총연합회
게코미의 순화어로 알맞은 것은?,"챌면, 챌판",A,"챌면, 챌판","창문선, 틀",흙밭,임시울타리,강모래,대한건설단체총연합회
게타의 순화어로 알맞은 것은?,"보(토목), 도리(건축)",E,"망체, 그물체","틀, 골",회반죽,"가로, 옆","보(토목), 도리(건축)",대한건설단체총연합회
게비키의 순화어로 알맞은 것은?,"금긋개, 금쇠",A,"금긋개, 금쇠",창대,땅고르기,창선반,밑돌,대한건설단체총연합회
게아게의 순화어로 알맞은 것은?,단높이,E,멍에,미끄럼 막이,큰보,하도급,단높이,대한건설단체총연합회
게이샤의 순화어로 알맞은 것은?,"경사, 물매",D,기초,토분먹임,휜철근,"경사, 물매",자갈수멍,대한건설단체총연합회
겐나와의 순화어로 알맞은 것은?,칸자,D,꺾쇠,비계띠장,"널 말뚝(토)
흙막이널(건)",칸자,반장(쌓기),대한건설단체총연합회
겐노의 순화어로 알맞은 것은?,쇠메,E,휜철근,기초,"요철, 울퉁불퉁",흙뜨기,쇠메,대한건설단체총연합회
겐노다타키의 순화어로 알맞은 것은?,메다듬(기),B,평떼,메다듬(기),땅고르기,"속임(수), 야바위","리벳치기,
버섯못치기",대한건설단체총연합회
겐바의 순화어로 알맞은 것은?,현장,E,펴고르기,시공이음,눈먹임,공시체(供試體),현장,대한건설단체총연합회
겐바우치콘크리트구이의 순화어로 알맞은 것은?,"현장콘크리트말뚝(토)
제자리콘크리트말뚝(건)",A,"현장콘크리트말뚝(토)
제자리콘크리트말뚝(건)",창(窓),"층계, 계단",늘이기,"보(토목), 도리(건축)",대한건설단체총연합회
겐바하이고의 순화어로 알맞은 것은?,"현장배합, 현장섞기",B,재칠,"현장배합, 현장섞기",바탕,물끊기,접자,대한건설단체총연합회
겐슨이타의 순화어로 알맞은 것은?,원척본판(原尺本板),C,"바룸돌, 다듬은돌",재벌칠,원척본판(原尺本板),갈고리(hook),우두머리,대한건설단체총연합회
겐슨즈의 순화어로 알맞은 것은?,원척도(原尺圖),A,원척도(原尺圖),재벌칠,"선심, 호기",자,비계공,대한건설단체총연합회
겐치이시의 순화어로 알맞은 것은?,송곳닛돌,B,"메쌓기(토),
건성쌓기(건)",송곳닛돌,큰직각자,"거친면, 채석면",(들)뜬돌,대한건설단체총연합회
겐칸의 순화어로 알맞은 것은?,현관(문간),C,나사못,수도꼭지,현관(문간),이음매,두 치 각,대한건설단체총연합회
겟소쿠센의 순화어로 알맞은 것은?,"묶음줄, 결속선",C,칸자,자,"묶음줄, 결속선",앞지르기,띠장재,대한건설단체총연합회
고구치의 순화어로 알맞은 것은?,"마구리, 잔머리",E,벽돌나누기,임시물막이,"변통, 둘러치기",초인종,"마구리, 잔머리",대한건설단체총연합회
고구치쓰미의 순화어로 알맞은 것은?,마구리 쌓기,D,본판,"윗면, 꼭대기",선술,마구리 쌓기,"윤지우기, 윤끄기",대한건설단체총연합회
고다타키의 순화어로 알맞은 것은?,잔다듬(기),E,버팀대,"창문선, 틀",본판,물갈기,잔다듬(기),대한건설단체총연합회
고테의 순화어로 알맞은 것은?,흙손,D,"채비, 준비",큰보,오 푼 널,흙손,"노루발 장도리,
쇠지레",대한건설단체총연합회
고란의 순화어로 알맞은 것은?,"난간, 난간끝,
난간머리",C,현장식당,"통줄눈, 통사춤","난간, 난간끝,
난간머리","창호(窓戶), 창문",외줄비계,대한건설단체총연합회
고바리의 순화어로 알맞은 것은?,작은보,E,걸레받이,"졸대, 나무오리",대문기둥,비계띠장,작은보,대한건설단체총연합회
고바이의 순화어로 알맞은 것은?,"기울기, 물매",D,호박돌,"윤지우기, 윤끄기","붉은벽돌,
빨강벽돌","기울기, 물매","찰 쌓 기(토)
사춤쌓기(건)",대한건설단체총연합회
고부다시의 순화어로 알맞은 것은?,혹두기,D,시공이음,흙막이,굵은철선/쇠줄,혹두기,앞지르기,대한건설단체총연합회
고야구미의 순화어로 알맞은 것은?,지붕틀,B,"맞댐면, 접합면",지붕틀,"갈아내기, 갈기",돌가루,통나무,대한건설단체총연합회
고야바리의 순화어로 알맞은 것은?,지붕보,A,지붕보,지붕틀,호박돌,틈막이 자갈,"바닥, 마루",대한건설단체총연합회
교시타이의 순화어로 알맞은 것은?,공시체(供試體),E,밑면,정 다듬(기),평떼,곡괭이,공시체(供試體),대한건설단체총연합회
구게키의 순화어로 알맞은 것은?,빈틈,C,"주물, 무쇠붙이","나눠내기, 각자부담, 추렴",빈틈,벽돌,건널목,대한건설단체총연합회
구로의 순화어로 알맞은 것은?,검정,B,장남감,검정,천장,"거듭비비기
다시비비기",돌쌓기,대한건설단체총연합회
구루마의 순화어로 알맞은 것은?,수레,A,수레,천장,지붕(바탕)널,비계다리,"양판문, 양널문",대한건설단체총연합회
구리이시의 순화어로 알맞은 것은?,"막돌, 호박돌",B,"양판문, 양널문","막돌, 호박돌","산뜻이, 시원스럽게, 깨끗이",땅고르기,(들)뜬돌,대한건설단체총연합회
구미타테의 순화어로 알맞은 것은?,"조립(組立)짜기,
짜맞추기",E,"속임(수), 야바위",띠장재,막자갈,기다림,"조립(組立)짜기,
짜맞추기",대한건설단체총연합회
구미타테아시바의 순화어로 알맞은 것은?,틀비계,D,"달비계, 매단비계","울거미, 문틀",두치오푼각,틀비계,미장이,대한건설단체총연합회
구사비의 순화어로 알맞은 것은?,쐐기,B,솔칠,쐐기,지붕이기,사태(沙汰),뒷길이,대한건설단체총연합회
구이의 순화어로 알맞은 것은?,말뚝,A,말뚝,"반자틀, 반잣대","토관(土管), 흙대롱","붉은벽돌,
빨강벽돌","돌나누기, 돌벼름",대한건설단체총연합회
구이우치의 순화어로 알맞은 것은?,말뚝박기,A,말뚝박기,홈파기,창(窓),끌어들이기,헛간,대한건설단체총연합회
구칸쓰미의 순화어로 알맞은 것은?,공간 쌓기,B,쐐기,공간 쌓기,"노루발 장도리,
쇠지레",처마홈통,적중,대한건설단체총연합회
구기의 순화어로 알맞은 것은?,못,C,통나무 비계,"양판문, 양널문",못,지붕틀,온통파기,대한건설단체총연합회
기가타의 순화어로 알맞은 것은?,나무틀,C,뒤채움,"현장콘크리트말뚝(토)
제자리콘크리트말뚝(건)",나무틀,송곳닛돌,"네모돌, 각석, 모돌",대한건설단체총연합회
기고테의 순화어로 알맞은 것은?,나무흙손,B,"금형, 쇠거푸집",나무흙손,"경사, 물매",솔칠,"짐작, 어림",대한건설단체총연합회
기카이네리의 순화어로 알맞은 것은?,"기계비빔, 틀반죽",D,창호 철물,"찰흙,진흙,점토(粘土)",천장,"기계비빔, 틀반죽","짐작, 어림",대한건설단체총연합회
기도리의 순화어로 알맞은 것은?,"마름질,
나무마름질",D,문틀선,산자갈,돌쌓기,"마름질,
나무마름질",걸레받이,대한건설단체총연합회
기렛파시의 순화어로 알맞은 것은?,"동강(나무),
끄트러기, 자투리",B,틀비계,"동강(나무),
끄트러기, 자투리",체가름,끝마구리,누름콘크리트,대한건설단체총연합회
기레쓰의 순화어로 알맞은 것은?,"균열, 갈림",B,지붕틀,"균열, 갈림",통나무,밑면,젖빛유리,대한건설단체총연합회
기리의 순화어로 알맞은 것은?,송곳,A,송곳,벽돌쌓기,"줄치기, 줄쳐보기",중도리,나무틀,대한건설단체총연합회
기리바리의 순화어로 알맞은 것은?,버팀대,B,"덮개, 씌우개, 포장",버팀대,혹두기,큰보,끝마구리,대한건설단체총연합회
기리이시의 순화어로 알맞은 것은?,"바룸돌, 다듬은돌",D,외쪽깎기,다짐대,줄눈나누기,"바룸돌, 다듬은돌",길이쌓기,대한건설단체총연합회
기리카에의 순화어로 알맞은 것은?,바꾸기,C,"침하(沈下),
내려앉기","토사(土砂), 흙모래",바꾸기,"너비, 폭","덮개, 씌우개, 포장",대한건설단체총연합회
기리코미의 순화어로 알맞은 것은?,막자갈,E,다짐대,함자물쇠,육 푼 널,처마홈통,막자갈,대한건설단체총연합회
기리토리의 순화어로 알맞은 것은?,흙깎기,B,"함석, 아연철판",흙깎기,"줄눈흙손, 사춤인두","끌어들임줄(선), 들줄",받침대,대한건설단체총연합회
기소의 순화어로 알맞은 것은?,기초,E,"받침대, 지주,
동바리",창대,깔도리,"물비빔, 물반죽",기초,대한건설단체총연합회
기소콘쿠리의 순화어로 알맞은 것은?,기초콘크리트,A,기초콘크리트,"가득, 한껏","비꼬기, 비웃음",한장(쌓기),줄,대한건설단체총연합회
기즈리의 순화어로 알맞은 것은?,"졸대, 나무오리",E,세 치 각,원척본판(原尺本板),깔도리,모서리,"졸대, 나무오리",대한건설단체총연합회
긴케쓰자이의 순화어로 알맞은 것은?,죌감,D,기준틀,구멍철판,"요철, 울퉁불퉁",죌감,잔다듬(기),대한건설단체총연합회
긴초키의 순화어로 알맞은 것은?,죄개,C,각목(角木),오 푼 널,죄개,"거죽두께, 덮임두께","돌나누기, 돌벼름",대한건설단체총연합회
나가테쓰미의 순화어로 알맞은 것은?,길이쌓기,A,길이쌓기,건널목,"품삯(노임), 계산, 셈",줄,치수,대한건설단체총연합회
나라시의 순화어로 알맞은 것은?,고르기,C,돌쌓기,버릇,고르기,버팀대,정 다듬(기),대한건설단체총연합회
나미날합판의 순화어로 알맞은 것은?,적층합판(積層合板),B,내관,적층합판(積層合板),"침하(沈下),
내려앉기","막돌, 호박돌","흙쌓기, 흙돋우기",대한건설단체총연합회
나와바리의 순화어로 알맞은 것은?,"줄치기, 줄쳐보기",A,"줄치기, 줄쳐보기","중턱, 둑턱",늘이기,"붉은벽돌,
빨강벽돌",여유,대한건설단체총연합회
나이칸의 순화어로 알맞은 것은?,내관,A,내관,삼 푼 널,재벌바름,"만회, 되돌림",각재(角材),대한건설단체총연합회
나카누리의 순화어로 알맞은 것은?,재벌칠,C,"야장(野帳),
땅재기책",반장(쌓기),재벌칠,"심보, 본색",흙뜨기,대한건설단체총연합회
나카누리의 순화어로 알맞은 것은?,재벌바름,B,막자갈,재벌바름,공시체(供試體),"금형, 쇠거푸집","채움재, 채움감",대한건설단체총연합회
낫토의 순화어로 알맞은 것은?,"너트, 암나사",E,바꾸기,현장식당,높이,되비비기,"너트, 암나사",대한건설단체총연합회
네코의 순화어로 알맞은 것은?,"굄재(chair), 굄감",D,널(판),한치두푼각,시공이음,"굄재(chair), 굄감",시멘트풀칠,대한건설단체총연합회
네다의 순화어로 알맞은 것은?,"장선(長線), 받침목",A,"장선(長線), 받침목","끌어들임줄(선), 들줄",돌쌓기,멍에,기초,대한건설단체총연합회
네리카에시의 순화어로 알맞은 것은?,되비비기,D,"셈, 계산",녹막이 칠,철판,되비비기,원척본판(原尺本板),대한건설단체총연합회
네리나오시의 순화어로 알맞은 것은?,"거듭비비기
다시비비기",C,견제,"리벳홀더, 받침판","거듭비비기
다시비비기",다짐대,"속임(수), 야바위",대한건설단체총연합회
네리쓰미의 순화어로 알맞은 것은?,"찰 쌓 기(토)
사춤쌓기(건)",B,"망체, 그물체","찰 쌓 기(토)
사춤쌓기(건)",정벌바름(덧칠),수도꼭지,"돌림띠, 쇠시리",대한건설단체총연합회
네이시의 순화어로 알맞은 것은?,밑돌,A,밑돌,메다듬(기),"챌면, 챌판","리벳홀더, 받침판","석재(石材), 돌",대한건설단체총연합회
네지의 순화어로 알맞은 것은?,나사,B,천장,나사,"만회, 되돌림",물다짐,배반,대한건설단체총연합회
네지마와시의 순화어로 알맞은 것은?,나사돌리개(드라이버),A,나사돌리개(드라이버),메다듬(기),"현장배합, 현장섞기",벽돌나누기,"받침목, 침목(枕木)",대한건설단체총연합회
넨도의 순화어로 알맞은 것은?,"찰흙,진흙,점토(粘土)",C,"선반, 시렁",쌍줄비계,"찰흙,진흙,점토(粘土)","부본(副本), 덧벌, 베낌벌",평떼,대한건설단체총연합회
노리의 순화어로 알맞은 것은?,비탈,A,비탈,시공이음,"선심, 호기",곡괭이,길이쌓기,대한건설단체총연합회
노리비키의 순화어로 알맞은 것은?,시멘트풀칠,D,지붕,"풋내기, 애숭이, 신출내기","현장콘크리트말뚝(토)
제자리콘크리트말뚝(건)",시멘트풀칠,먹매김,대한건설단체총연합회
노리지리의 순화어로 알맞은 것은?,비탈끝,B,"담합, 짬짜미",비탈끝,흠,"밑창콘크리트
버림콘크리트","미레자, 곱자,
곡척",대한건설단체총연합회
노미의 순화어로 알맞은 것은?,"정, 끌",A,"정, 끌","마른비빔, 건비빔",깔도리,"줄눈, 사춤",자갈수멍,대한건설단체총연합회
노미키리의 순화어로 알맞은 것은?,정 다듬(기),E,칸막이,평떼,뒷길이,"가득, 한껏",정 다듬(기),대한건설단체총연합회
노바시의 순화어로 알맞은 것은?,늘이기,A,늘이기,우선지급,창호 철물,죌감,철근,대한건설단체총연합회
노보리산바시의 순화어로 알맞은 것은?,비계다리,B,모서리,비계다리,손비비기,물다짐,채석장(採石場),대한건설단체총연합회
노부치의 순화어로 알맞은 것은?,"반자틀, 반잣대",A,"반자틀, 반잣대",물끊기,달대,"야장(野帳),
땅재기책",띠장재,대한건설단체총연합회
노즈라의 순화어로 알맞은 것은?,"거친면, 채석면",C,모서리,"거죽두께, 덮임두께","거친면, 채석면","갈아내기, 갈기",현장식당,대한건설단체총연합회
노지이타의 순화어로 알맞은 것은?,지붕(바탕)널,D,외쪽돋기,세치(9cm)각재,끌어들이기,지붕(바탕)널,외줄비계,대한건설단체총연합회
노키의 순화어로 알맞은 것은?,처마,B,"리벳홀더, 받침판",처마,"망체, 그물체",삽입근,"아무림, 마무리",대한건설단체총연합회
노키게타의 순화어로 알맞은 것은?,처마도리,C,수평보기,시멘트풀칠,처마도리,"면박, 핀잔","메쌓기(토),
건성쌓기(건)",대한건설단체총연합회
노키다카의 순화어로 알맞은 것은?,처마높이,E,"셈, 계산","받침대, 지주,
동바리",눈금,칸막이,처마높이,대한건설단체총연합회
노키덴조의 순화어로 알맞은 것은?,처마반자,C,두장(쌓기),반침,처마반자,돌쌓기,말뚝박기,대한건설단체총연합회
노키도이의 순화어로 알맞은 것은?,처마홈통,E,시멘트풀칠,적중,처마도리,벽돌나누기,처마홈통,대한건설단체총연합회
누노기소의 순화어로 알맞은 것은?,줄기초,C,가장자리,끌어들이기,줄기초,"기울기, 물매",버팀대,대한건설단체총연합회
누노마루타의 순화어로 알맞은 것은?,비계띠장,A,비계띠장,"굄재(chair), 굄감","바꾸기, 바꿔대기","틀, 울거미, 테","터파기, 골파기",대한건설단체총연합회
누노보리의 순화어로 알맞은 것은?,줄기초 파기,B,세 치 각,줄기초 파기,수평 띠장,"붉은벽돌,
빨강벽돌",버릇,대한건설단체총연합회
누리카에의 순화어로 알맞은 것은?,재칠,A,재칠,"시방서, 방법서","받침목, 침목(枕木)","끌어들임줄(선), 들줄",처마홈통,대한건설단체총연합회
니마이의 순화어로 알맞은 것은?,두장(쌓기),A,두장(쌓기),"받침쇠, 와셔
(washer)","너비, 폭","바꾸기, 바꿔대기","발판, 비계",대한건설단체총연합회
니즈쿠리의 순화어로 알맞은 것은?,짐꾸리기,C,흙뜨기,곁꾼,짐꾸리기,"바닥, 마루","토관(土管), 흙대롱",대한건설단체총연합회
다가네의 순화어로 알맞은 것은?,"정, 강철끌",D,다짐,손비비기,"줄눈, 사춤","정, 강철끌",본뜨기,대한건설단체총연합회
다나의 순화어로 알맞은 것은?,"선반, 시렁",C,기다림,"마른비빔, 건비빔","선반, 시렁","무늬, 바탕",비계다리,대한건설단체총연합회
다루키의 순화어로 알맞은 것은?,서까래,C,처마도리,"축도(築島), 임시섬",서까래,흙밭,깬돌,대한건설단체총연합회
다마이시의 순화어로 알맞은 것은?,호박돌,C,다림추,꺾쇠,호박돌,씻어내기,물끊기,대한건설단체총연합회
다이의 순화어로 알맞은 것은?,받침대,D,"마름질,
나무마름질","부본(副本), 덧벌, 베낌벌",녹막이,받침대,"선심, 호기",대한건설단체총연합회
다테의 순화어로 알맞은 것은?,세로,E,"틀, 울거미, 테",입방미터(㎥),네 치 각,이음매,세로,대한건설단체총연합회
다테구의 순화어로 알맞은 것은?,"창호(窓戶), 창문",C,나무벽돌,"희롱, 놀림","창호(窓戶), 창문","현장콘크리트말뚝(토)
제자리콘크리트말뚝(건)","선심, 호기",대한건설단체총연합회
다테구카나모노의 순화어로 알맞은 것은?,창호 철물,B,"윗면, 꼭대기",창호 철물,"받침대, 지주,
동바리","사석, 베풂돌","안목, 안치수",대한건설단체총연합회
다테도이의 순화어로 알맞은 것은?,선홈통,D,"정, 강철끌",대문기둥,"메쌓기(토),
건성쌓기(건)",선홈통,웃창,대한건설단체총연합회
다테마에의 순화어로 알맞은 것은?,세우기,B,정벌바름(덧칠),세우기,"층계, 계단","속임(수), 야바위",줄기초,대한건설단체총연합회
다테메지의 순화어로 알맞은 것은?,"세로줄눈, 세로사춤",E,철사,흙뜨기,두치오푼각,"너트, 암나사","세로줄눈, 세로사춤",대한건설단체총연합회
다테와쿠의 순화어로 알맞은 것은?,선틀,E,"거듭비비기
다시비비기",벽돌,"세로줄눈, 세로사춤",벽,선틀,대한건설단체총연합회
단카의 순화어로 알맞은 것은?,들것,B,"상태, 가락",들것,다림추,"노루발 장도리,
쇠지레",헛간,대한건설단체총연합회
단고오의 순화어로 알맞은 것은?,"담합, 짬짜미",C,갈고리(hook),"3mm합판,
1푼합판","담합, 짬짜미",건널목,깬돌,대한건설단체총연합회
단도리의 순화어로 알맞은 것은?,"채비, 준비",B,빈틈,"채비, 준비","리벳홀더, 받침판",물푸기,큰보,대한건설단체총연합회
닷파의 순화어로 알맞은 것은?,높이,E,"물막이 공, 마감",버팀대,띠철근,큰직각자,높이,대한건설단체총연합회
데코보코의 순화어로 알맞은 것은?,"요철, 울퉁불퉁",C,줄,받침대,"요철, 울퉁불퉁",견제,"담합, 짬짜미",대한건설단체총연합회
데코의 순화어로 알맞은 것은?,지렛대,E,"윗면, 꼭대기",처마도리,"경사, 물매",고름질,지렛대,대한건설단체총연합회
데나오시의 순화어로 알맞은 것은?,재손질,E,정벌칠(덧칠),돌쌓기,"줄치기, 줄쳐보기",처마도리,재손질,대한건설단체총연합회
데네리의 순화어로 알맞은 것은?,손비비기,B,"흙쌓기, 흙돋우기",손비비기,ㅅ(시옷) 자보,시공이음,함석(판),대한건설단체총연합회
데마의 순화어로 알맞은 것은?,품(삯),C,띠철근,정 다듬(기),품(삯),꺾쇠,바탕만들기,대한건설단체총연합회
데마치의 순화어로 알맞은 것은?,기다림,C,눈금,"함석, 아연철판",기다림,틀송곳,"기울기, 물매",대한건설단체총연합회
데마친의 순화어로 알맞은 것은?,품삯,A,품삯,호박돌,우선지급,적층합판(積層合板),"장선(長線), 받침목",대한건설단체총연합회
데모토의 순화어로 알맞은 것은?,곁꾼,A,곁꾼,"망체, 그물체","추렴, 주식",구멍철판,"비꼬기, 비웃음",대한건설단체총연합회
데스리의 순화어로 알맞은 것은?,난간,C,"면박, 핀잔","마감, 끝냄",난간,"줄치기, 줄쳐보기","다시하기,
고쳐하기",대한건설단체총연합회
데쓰마쿠라기의 순화어로 알맞은 것은?,쇠침목,E,외쪽돋기,잠김상자,갈아감기,"네모돌, 각석, 모돌",쇠침목,대한건설단체총연합회
데즈라의 순화어로 알맞은 것은?,출역(出役),A,출역(出役),산,"초보자, 풋내기",재벌칠,줄기초 파기,대한건설단체총연합회
덴바의 순화어로 알맞은 것은?,"윗면, 꼭대기",B,띠철근,"윗면, 꼭대기",접자,죌감,외쪽깎기,대한건설단체총연합회
덴자이의 순화어로 알맞은 것은?,"채움재, 채움감",C,"짐작, 어림",나사돌리개(드라이버),"채움재, 채움감","칸델라, 호롱불","마무리, 끝손질,
뒷손질",대한건설단체총연합회
덴죠의 순화어로 알맞은 것은?,천장,D,"비꼬기, 비웃음",책꽂이,흙뜨기,천장,웃창,대한건설단체총연합회
뎃킨의 순화어로 알맞은 것은?,철근,B,"줄치기, 줄쳐보기",철근,"메쌓기(토),
건성쌓기(건)",얼룩빼기,한장(쌓기),대한건설단체총연합회
뎃판의 순화어로 알맞은 것은?,철판,B,나사,철판,"바꾸기, 바꿔대기",체질,큰직각자,대한건설단체총연합회
도가타(노가타)의 순화어로 알맞은 것은?,(건설현장근로자),D,우선지급,쐐기,출역(出役),(건설현장근로자),"갈아내기, 갈기",대한건설단체총연합회
도구루의 순화어로 알맞은 것은?,문바퀴,A,문바퀴,"판때기, 패널","요철, 울퉁불퉁",재손질,돌망태,대한건설단체총연합회
도기다시의 순화어로 알맞은 것은?,"갈아내기, 갈기",E,"윤내기, 광내기",물다짐,"통줄눈, 통사춤","거친면, 채석면","갈아내기, 갈기",대한건설단체총연합회
도노코의 순화어로 알맞은 것은?,토분,E,큰보,"적산(積算),포갬셈",무지개 거푸집,멍에,토분,대한건설단체총연합회
도노코즈리의 순화어로 알맞은 것은?,토분먹임,D,"비꼬기, 비웃음",온통파기,처마,토분먹임,상자,대한건설단체총연합회
도탄의 순화어로 알맞은 것은?,함석(판),C,한 치 각,"갈아내기, 갈기",함석(판),"갓돌, 턱돌",수도꼭지,대한건설단체총연합회
도도리의 순화어로 알맞은 것은?,흙뜨기,E,현장식당,"배합(配合),
섞음푼수",오 푼 널,뒷길이,흙뜨기,대한건설단체총연합회
도도리바의 순화어로 알맞은 것은?,흙밭,B,길이쌓기,흙밭,회반죽,정벌바름(덧칠),문틀선,대한건설단체총연합회
도도메의 순화어로 알맞은 것은?,흙막이,A,흙막이,창틀,두 치 각,견제,"울거미, 문틀",대한건설단체총연합회
도라푸의 순화어로 알맞은 것은?,"냄새막이관
트랩(trap)",A,"냄새막이관
트랩(trap)",강모래,"창호(窓戶), 창문",웃창,벽돌나누기,대한건설단체총연합회
도롯푸한마(드랩해머)의 순화어로 알맞은 것은?,"떨공이
(drop hammer)",E,"달비계, 매단비계",줄,다짐대,비계공,"떨공이
(drop hammer)",대한건설단체총연합회
도마의 순화어로 알맞은 것은?,"다짐바닥, 토방",E,송곳,"찰흙,진흙,점토(粘土)",사태(沙汰),"끌어들임줄(선), 들줄","다짐바닥, 토방",대한건설단체총연합회
도비의 순화어로 알맞은 것은?,비계공,D,"줄치기, 줄쳐보기",(건설현장근로자),"나눠내기, 각자부담, 추렴",비계공,미장이,대한건설단체총연합회
도샤의 순화어로 알맞은 것은?,"토사(土砂), 흙모래",C,"받침목, 침목(枕木)",산자갈,"토사(土砂), 흙모래","금형, 쇠거푸집",(건설현장근로자),대한건설단체총연합회
도와쿠의 순화어로 알맞은 것은?,문틀,C,기다림,쇠침목,문틀,"현장배합, 현장섞기",산,대한건설단체총연합회
도이의 순화어로 알맞은 것은?,홈통,E,창선반,평떼,"바룸돌, 다듬은돌",토분,홈통,대한건설단체총연합회
도칸(노칸)의 순화어로 알맞은 것은?,"토관(土管), 흙대롱",C,휜철근,흙손,"토관(土管), 흙대롱","무늬, 바탕",모래,대한건설단체총연합회
도탄의 순화어로 알맞은 것은?,"함석, 아연철판",C,고르기,작은각목,"함석, 아연철판",녹막이 칠,기둥나누기,대한건설단체총연합회
란마의 순화어로 알맞은 것은?,웃창,A,웃창,물다짐,구멍철판,다짐,"마감, 끝냄",대한건설단체총연합회
란쓰미의 순화어로 알맞은 것은?,"막쌓기, 허튼쌓기",E,책임자,흙막이,팔 푼 널,지붕,"막쌓기, 허튼쌓기",대한건설단체총연합회
렌가의 순화어로 알맞은 것은?,벽돌,A,벽돌,"양판문, 양널문","거듭비비기
다시비비기",녹막이 칠,"변통, 둘러치기",대한건설단체총연합회
렌가와리의 순화어로 알맞은 것은?,벽돌나누기,D,"바닥, 마루",기준틀,미끄럼 막이,벽돌나누기,손비비기,대한건설단체총연합회
렌가쓰미의 순화어로 알맞은 것은?,벽돌쌓기,D,"무늬, 바탕",문틀선,"찰흙,진흙,점토(粘土)",벽돌쌓기,중도리,대한건설단체총연합회
류베의 순화어로 알맞은 것은?,입방미터(㎥),D,굴뚝,바탕,"울거미, 문틀",입방미터(㎥),꺾쇠,대한건설단체총연합회
말구의 순화어로 알맞은 것은?,끝마구리,C,"도금, 올림, 입힘",현관(문간),끝마구리,"초보자, 풋내기","짐작, 어림",대한건설단체총연합회
마쿠라기의 순화어로 알맞은 것은?,"받침목, 침목(枕木)",C,동바리,잔다듬(기),"받침목, 침목(枕木)",큰직각자,갈고리(hook),대한건설단체총연합회
마구사의 순화어로 알맞은 것은?,"테두리보, 윗인방",D,"리벳치기,
버섯못치기",문막이널,굵은철선/쇠줄,"테두리보, 윗인방",팔 푼 널,대한건설단체총연합회
마도의 순화어로 알맞은 것은?,창(窓),E,호박돌,"줄치기, 줄쳐보기",곡괭이,"뿜칠, 뿜어붙이기",창(窓),대한건설단체총연합회
마도다이의 순화어로 알맞은 것은?,창대,A,창대,버팀대,"견적(見積), 어림셈",견제,기둥,대한건설단체총연합회
마도와쿠의 순화어로 알맞은 것은?,창틀,C,"돌림띠, 쇠시리","틀, 골",창틀,"바닥, 마루",비계목,대한건설단체총연합회
마루타의 순화어로 알맞은 것은?,통나무,A,통나무,나무틀,뒤채움,걸레받이,문틀선,대한건설단체총연합회
마루타아시바의 순화어로 알맞은 것은?,통나무 비계,C,"틀, 울거미, 테",녹막이,통나무 비계,팔 푼 널,"잡석(雜石), 막돌",대한건설단체총연합회
마에가리의 순화어로 알맞은 것은?,우선지급,D,눈먹임,틀송곳,잠수부(潛水夫),우선지급,곡괭이,대한건설단체총연합회
마지키리의 순화어로 알맞은 것은?,칸막이,E,앞지르기,창(窓),"장선(長線), 받침목",재벌바름,칸막이,대한건설단체총연합회
마키의 순화어로 알맞은 것은?,"말이, 사리",B,줄,"말이, 사리",곡괭이,"가로, 옆",띠장재,대한건설단체총연합회
마키자쿠의 순화어로 알맞은 것은?,줄자,B,흠,줄자,얼룩빼기,체질,반장(쌓기),대한건설단체총연합회
마키카에의 순화어로 알맞은 것은?,갈아감기,B,"시방서, 방법서",갈아감기,씻은자갈,비탈끝,"굄재(chair), 굄감",대한건설단체총연합회
메도메의 순화어로 알맞은 것은?,눈먹임,E,모래,사태(沙汰),상자,"막돌, 호박돌",눈먹임,대한건설단체총연합회
메모리의 순화어로 알맞은 것은?,눈금,C,창(窓),"밑창콘크리트
버림콘크리트",눈금,얼룩빼기,"난간, 난간끝,
난간머리",대한건설단체총연합회
메쓰부시자리의 순화어로 알맞은 것은?,틈막이 자갈,B,미끄럼 막이,틈막이 자갈,나무틀,강모래,무지개 거푸집,대한건설단체총연합회
메지의 순화어로 알맞은 것은?,"줄눈, 사춤",D,뼈대(골조),심먹(心墨),끝마구리,"줄눈, 사춤","줄눈대,사춤대",대한건설단체총연합회
메지고테의 순화어로 알맞은 것은?,"줄눈흙손, 사춤인두",B,꺾쇠,"줄눈흙손, 사춤인두",흠,온통파기,도맡기,대한건설단체총연합회
메지보리의 순화어로 알맞은 것은?,"줄눈파기,사춤파기",C,"틀, 울거미, 테",각재(角材),"줄눈파기,사춤파기","바꾸기, 바꿔대기",나사못,대한건설단체총연합회
메지보의 순화어로 알맞은 것은?,"줄눈대,사춤대",E,버릇,"건비빔, 건반죽",정벌바름(덧칠),창선반,"줄눈대,사춤대",대한건설단체총연합회
메지와리의 순화어로 알맞은 것은?,줄눈나누기,B,"떨공이
(drop hammer)",줄눈나누기,쌍줄비계,산모래,공간 쌓기,대한건설단체총연합회
메치가이의 순화어로 알맞은 것은?,턱솔,A,턱솔,납땜,처마,웃창,"토관(土管), 흙대롱",대한건설단체총연합회
메쿠라안쿄의 순화어로 알맞은 것은?,자갈수멍,D,반장(쌓기),무지개 거푸집,리벳구멍,자갈수멍,"결판, 흥정",대한건설단체총연합회
멘도리의 순화어로 알맞은 것은?,모접기,E,내쌓기,"거꿀씌움
역 라이닝",꽂이 쇠,높이,모접기,대한건설단체총연합회
멧키의 순화어로 알맞은 것은?,"도금, 올림, 입힘",B,출역(出役),"도금, 올림, 입힘",(건설현장근로자),각목(角木),"적산(積算),포갬셈",대한건설단체총연합회
모구리의 순화어로 알맞은 것은?,잠수부(潛水夫),B,띠장재,잠수부(潛水夫),"구덩이 파기,
굿파기",기초콘크리트,"틀, 골",대한건설단체총연합회
모리쓰치의 순화어로 알맞은 것은?,"흙쌓기, 흙돋우기",A,"흙쌓기, 흙돋우기","부본(副本), 덧벌, 베낌벌","받침쇠, 와셔
(washer)",강모래,칸막이,대한건설단체총연합회
모야의 순화어로 알맞은 것은?,중도리,E,솔칠,못,벽돌나누기,"가득, 한껏",중도리,대한건설단체총연합회
모쿠네지의 순화어로 알맞은 것은?,나사못,B,모래,나사못,틀비계,외줄비계,강모래,대한건설단체총연합회
모쿠렌가의 순화어로 알맞은 것은?,나무벽돌,E,모접기,정 다듬(기),선틀,"너트, 암나사",나무벽돌,대한건설단체총연합회
무라나오시의 순화어로 알맞은 것은?,고름질,A,고름질,재칠,정 다듬(기),구멍철판,"경사, 물매",대한건설단체총연합회
무라도리의 순화어로 알맞은 것은?,얼룩빼기,D,줄떼,"발판, 비계",적층합판(積層合板),얼룩빼기,체질,대한건설단체총연합회
문하시라의 순화어로 알맞은 것은?,대문기둥,E,잠김상자,문막이널,곁꾼,"메쌓기(토),
건성쌓기(건)",대문기둥,대한건설단체총연합회
미다시콘쿠리의 순화어로 알맞은 것은?,치장 콘크리트,E,견제,"거죽두께, 덮임두께",벽돌쌓기,재,치장 콘크리트,대한건설단체총연합회
미쓰모리의 순화어로 알맞은 것은?,"견적(見積), 어림셈",A,"견적(見積), 어림셈","반자틀, 반잣대",이어치기,"배합(配合),
섞음푼수","양판문, 양널문",대한건설단체총연합회
미즈카에의 순화어로 알맞은 것은?,물푸기,D,비계목,"거듭비비기
다시비비기",흙막이,물푸기,나무틀,대한건설단체총연합회
미즈누키의 순화어로 알맞은 것은?,수평 띠장,C,작은각목,잠수부(潛水夫),수평 띠장,"틀, 골",두장(쌓기),대한건설단체총연합회
미즈네리의 순화어로 알맞은 것은?,"물비빔, 물반죽",C,흙뜨기,"추렴, 주식","물비빔, 물반죽",원척도(原尺圖),꽂이 쇠,대한건설단체총연합회
미즈모리의 순화어로 알맞은 것은?,수평보기,C,모래,팔 푼 널,수평보기,현장식당,눈금,대한건설단체총연합회
미즈미가키의 순화어로 알맞은 것은?,물갈기,C,"적산(積算),포갬셈",띠장재,물갈기,입방미터(㎥),"무늬, 바탕",대한건설단체총연합회
미즈시메의 순화어로 알맞은 것은?,물다짐,A,물다짐,"모따기, 모접기","망체, 그물체",오 푼 널,품셈,대한건설단체총연합회
미즈키리의 순화어로 알맞은 것은?,물끊기,D,"바닥, 마루","물막이 공, 마감",접자,물끊기,"끌어들임줄(선), 들줄",대한건설단체총연합회
바타카의 순화어로 알맞은 것은?,작은각목,D,"침하(沈下),
내려앉기","속임(수), 야바위",짐꾸리기,작은각목,칠 푼 널,대한건설단체총연합회
바라시의 순화어로 알맞은 것은?,"뜯기, 해체",D,이어치기,비계띠장,칠 푼 널,"뜯기, 해체",본뜨기,대한건설단체총연합회
바루의 순화어로 알맞은 것은?,"노루발 장도리,
쇠지레",B,외줄비계,"노루발 장도리,
쇠지레","망체, 그물체",틈막이 자갈,"너트, 암나사",대한건설단체총연합회
반네루의 순화어로 알맞은 것은?,"판때기, 패널",D,도맡기,"마름질,
나무마름질","희롱, 놀림","판때기, 패널","정, 끌",대한건설단체총연합회
반센의 순화어로 알맞은 것은?,굵은철선/쇠줄,C,갈아감기,자갈수멍,굵은철선/쇠줄,"줄눈흙손, 사춤인두",띠철근,대한건설단체총연합회
뼁끼의 순화어로 알맞은 것은?,"페인트, 칠, 양칠",A,"페인트, 칠, 양칠",빈틈,처마홈통,"바룸돌, 다듬은돌",가장자리,대한건설단체총연합회
보루반의 순화어로 알맞은 것은?,틀송곳,A,틀송곳,"중턱, 둑턱",통나무,큰직각자,"윤지우기, 윤끄기",대한건설단체총연합회
뵤코의 순화어로 알맞은 것은?,리벳구멍,E,"가득, 한껏","현장배합, 현장섞기",지렛대,앞지르기,리벳구멍,대한건설단체총연합회
뵤우치의 순화어로 알맞은 것은?,"리벳치기,
버섯못치기",D,"끌어들임줄(선), 들줄",본뜨기,"막쌓기, 허튼쌓기","리벳치기,
버섯못치기",바꾸기,대한건설단체총연합회
부가카리의 순화어로 알맞은 것은?,품셈,A,품셈,고르기,"메쌓기(토),
건성쌓기(건)","축도(築島), 임시섬",혹두기,대한건설단체총연합회
사게후리의 순화어로 알맞은 것은?,다림추,B,혹두기,다림추,"초보자, 풋내기",홈통,중도리,대한건설단체총연합회
사칸의 순화어로 알맞은 것은?,미장이,C,임시죄기,지붕,미장이,"채비, 준비",출역(出役),대한건설단체총연합회
사비도메의 순화어로 알맞은 것은?,녹막이,B,고르기,녹막이,구멍철판,"막돌, 호박돌","분배, 나눔, 노늠",대한건설단체총연합회
사비도메누리의 순화어로 알맞은 것은?,녹막이 칠,D,적중,평방미터(㎡),"배합(配合),
섞음푼수",녹막이 칠,말뚝,대한건설단체총연합회
사시가네의 순화어로 알맞은 것은?,"미레자, 곱자,
곡척",B,달대,"미레자, 곱자,
곡척","세로줄눈, 세로사춤",깔도리,"속임(수), 야바위",대한건설단체총연합회
사시코미의 순화어로 알맞은 것은?,꽂이 쇠,D,배반,우선지급,"마름질,
나무마름질",꽂이 쇠,공간 쌓기,대한건설단체총연합회
사시킨의 순화어로 알맞은 것은?,삽입근,D,건널목,"바닥, 마루",기초콘크리트,삽입근,먹줄치기,대한건설단체총연합회
사이의 순화어로 알맞은 것은?,재,B,손비비기,재,산,"갈아내기, 갈기",수평보기,대한건설단체총연합회
사이세키의 순화어로 알맞은 것은?,"부순돌, 쇄석",E,갈고리(hook),나사못,"변통, 둘러치기",나사,"부순돌, 쇄석",대한건설단체총연합회
사이세키바의 순화어로 알맞은 것은?,채석장(採石場),E,자,장남감,지붕보,띠장재,채석장(採石場),대한건설단체총연합회
사카마키의 순화어로 알맞은 것은?,"거꿀씌움
역 라이닝",C,"속임(수), 야바위",한 치 각,"거꿀씌움
역 라이닝","막돌, 호박돌","줄눈파기,사춤파기",대한건설단체총연합회
산바시의 순화어로 알맞은 것은?,발판,D,"담합, 짬짜미","초보자, 풋내기",잔다듬(기),발판,"심보, 본색",대한건설단체총연합회
산슨카쿠(산슨각)의 순화어로 알맞은 것은?,세치(9cm)각재,A,세치(9cm)각재,"초보자, 풋내기",처마홈통,한장(쌓기),"금형, 쇠거푸집",대한건설단체총연합회
삿보도의 순화어로 알맞은 것은?,"받침대, 지주,
동바리",D,"윤지우기, 윤끄기",나무벽돌,깔도리,"받침대, 지주,
동바리",선틀,대한건설단체총연합회
샤쿠리의 순화어로 알맞은 것은?,홈파기,E,"부본(副本), 덧벌, 베낌벌",펴고르기,"계단참, 층계참",모접기,홈파기,대한건설단체총연합회
세와야쿠의 순화어로 알맞은 것은?,십장,D,강모래,자,쇠침목,십장,미끄럼 막이,대한건설단체총연합회
세키이타의 순화어로 알맞은 것은?,"흙막이널(방죽널),
거푸집널",A,"흙막이널(방죽널),
거푸집널",수평보기,"발판, 비계","너비, 폭",삼 육,대한건설단체총연합회
세키산의 순화어로 알맞은 것은?,"적산(積算),포갬셈",C,가장자리,"줄치기, 줄쳐보기","적산(積算),포갬셈",물갈기,물다짐,대한건설단체총연합회
세키자이의 순화어로 알맞은 것은?,"석재(石材), 돌",E,"칸델라, 호롱불",밑면,체질,"산뜻이, 시원스럽게, 깨끗이","석재(石材), 돌",대한건설단체총연합회
세키훈의 순화어로 알맞은 것은?,돌가루,C,"막쌓기, 허튼쌓기",물푸기,돌가루,육 푼 널,밑면,대한건설단체총연합회
센반의 순화어로 알맞은 것은?,갈이틀,E,물끊기,"뜯기, 해체","흙쌓기, 흙돋우기",물갈기,갈이틀,대한건설단체총연합회
센칸의 순화어로 알맞은 것은?,잠김상자,C,재칠,"금형, 쇠거푸집",잠김상자,"현장배합, 현장섞기",산,대한건설단체총연합회
센토루의 순화어로 알맞은 것은?,무지개 거푸집,B,"물막이 공, 마감",무지개 거푸집,굵은철선/쇠줄,비계목,여유,대한건설단체총연합회
소보리의 순화어로 알맞은 것은?,온통파기,E,쇠메,늘이기,구멍철판,거푸집널(판),온통파기,대한건설단체총연합회
스나의 순화어로 알맞은 것은?,모래,B,"줄눈흙손, 사춤인두",모래,잠수부(潛水夫),"경사, 물매",못,대한건설단체총연합회
스리가라스의 순화어로 알맞은 것은?,젖빛유리,E,각재(角材),끝마구리,"받침목, 침목(枕木)","반자틀, 반잣대",젖빛유리,대한건설단체총연합회
스미다시의 순화어로 알맞은 것은?,먹매김,A,먹매김,재벌칠,"굄재(chair), 굄감",재,나무벽돌,대한건설단체총연합회
스미우치의 순화어로 알맞은 것은?,먹줄치기,D,철사,리벳구멍,한치오푼각,먹줄치기,달대,대한건설단체총연합회
스미키리의 순화어로 알맞은 것은?,"모따기, 모접기",C,"흙막이널(방죽널),
거푸집널","정, 강철끌","모따기, 모접기","변통, 둘러치기",흙밭,대한건설단체총연합회
스베리도메의 순화어로 알맞은 것은?,미끄럼 막이,B,외줄비계,미끄럼 막이,나사돌리개(드라이버),"배합(配合),
섞음푼수",리벳구멍,대한건설단체총연합회
스에구치의 순화어로 알맞은 것은?,끝마구리,E,처마반자,"붉은벽돌,
빨강벽돌",삽입근,물끊기,끝마구리,대한건설단체총연합회
스지시바의 순화어로 알맞은 것은?,줄떼,A,줄떼,송곳닛돌,본뜨기,우두머리,얼룩빼기,대한건설단체총연합회
스테이시의 순화어로 알맞은 것은?,"사석, 베풂돌",E,달대,"가로, 옆",한치두푼각,다림추,"사석, 베풂돌",대한건설단체총연합회
스테콘구리의 순화어로 알맞은 것은?,"밑창콘크리트
버림콘크리트",D,외줄비계,눈금,"부순돌, 쇄석","밑창콘크리트
버림콘크리트",틈막이 자갈,대한건설단체총연합회
슨포의 순화어로 알맞은 것은?,치수,C,외줄비계,헛간,치수,벽돌쌓기,기준틀,대한건설단체총연합회
시로토의 순화어로 알맞은 것은?,"초보자, 풋내기",D,"도금, 올림, 입힘",널(판),세 치 각,"초보자, 풋내기",세로,대한건설단체총연합회
시마이의 순화어로 알맞은 것은?,"마감, 끝냄",C,돌쌓기,"졸대, 나무오리","마감, 끝냄",받침대,큰보,대한건설단체총연합회
시메키리의 순화어로 알맞은 것은?,"물막이 공, 마감",A,"물막이 공, 마감",철사,"정, 끌",온통파기,먹매김,대한건설단체총연합회
시스이반의 순화어로 알맞은 것은?,문막이널,E,다짐,"묶음줄, 결속선",송곳,"붉은벽돌,
빨강벽돌",문막이널,대한건설단체총연합회
시아게의 순화어로 알맞은 것은?,"마무리, 끝손질,
뒷손질",B,임시조립,"마무리, 끝손질,
뒷손질",작은각목,뒷길이,창틀,대한건설단체총연합회
시요쇼의 순화어로 알맞은 것은?,"시방서, 방법서",B,장남감,"시방서, 방법서",곡괭이,흠,"너비, 폭",대한건설단체총연합회
시키나라시의 순화어로 알맞은 것은?,펴고르기,D,문틀,"품삯(노임), 계산, 셈",홈통,펴고르기,다림추,대한건설단체총연합회
시키게타의 순화어로 알맞은 것은?,깔도리,A,깔도리,"벽돌공, 쌓기",미끄럼 막이,"잡석(雜石), 막돌",초인종,대한건설단체총연합회
시타누리의 순화어로 알맞은 것은?,초벌칠(바름),B,"메쌓기(토),
건성쌓기(건)",초벌칠(바름),"가로, 옆",(건설현장근로자),흠,대한건설단체총연합회
시타바의 순화어로 알맞은 것은?,밑면,C,가장자리,함척,밑면,작은보,재벌칠,대한건설단체총연합회
시타지의 순화어로 알맞은 것은?,바탕,E,하도급,칸자,"망체, 그물체","사석, 베풂돌",바탕,대한건설단체총연합회
시타지고시라에의 순화어로 알맞은 것은?,바탕만들기,C,평떼,흙손,바탕만들기,줄기초,띠철근,대한건설단체총연합회
시호코의 순화어로 알맞은 것은?,동바리,D,(건설현장근로자),문틀,돌가루,동바리,각목(角木),대한건설단체총연합회
신즈미의 순화어로 알맞은 것은?,심먹(心墨),B,"미레자, 곱자,
곡척",심먹(心墨),흙막이,흙손,현장식당,대한건설단체총연합회
싯쿠이의 순화어로 알맞은 것은?,회반죽,D,(콘크리트)치기,정벌바름(덧칠),녹막이,회반죽,구멍철판,대한건설단체총연합회
쓰키가타메의 순화어로 알맞은 것은?,다짐,C,벽돌,납땜,다짐,"받침쇠, 와셔
(washer)","난간, 난간끝,
난간머리",대한건설단체총연합회
쓰기메의 순화어로 알맞은 것은?,이음매,D,"나눠내기, 각자부담, 추렴","채움재, 채움감",말뚝박기,이음매,우선지급,대한건설단체총연합회
쓰키보의 순화어로 알맞은 것은?,다짐대,A,다짐대,두 치 각,기초콘크리트,십장,"각재, 모나무",대한건설단체총연합회
쓰리바시의 순화어로 알맞은 것은?,줄다리,D,곁꾼,중도리,우선지급,줄다리,초인종,대한건설단체총연합회
쓰리아시바의 순화어로 알맞은 것은?,"달비계, 매단비계",C,헛간,"무늬, 바탕","달비계, 매단비계","3mm합판,
1푼합판",갈고리(hook),대한건설단체총연합회
쓰리기의 순화어로 알맞은 것은?,달대,E,깬돌,온통파기,적중,"사석, 베풂돌",달대,대한건설단체총연합회
쓰루하시의 순화어로 알맞은 것은?,곡괭이,C,"채움재, 채움감",적층합판(積層合板),곡괭이,"찰 쌓 기(토)
사춤쌓기(건)",내관,대한건설단체총연합회
쓰마의 순화어로 알맞은 것은?,가장자리,E,거푸집,(콘크리트)치기,사 푼 널,비계다리,가장자리,대한건설단체총연합회
쓰미의 순화어로 알맞은 것은?,"벽돌공, 쌓기",C,문틀선,내관,"벽돌공, 쌓기",비탈끝,두치오푼각,대한건설단체총연합회
쓰보보리의 순화어로 알맞은 것은?,"구덩이 파기,
굿파기",E,"끌어들임줄(선), 들줄","동강(나무),
끄트러기, 자투리","환풍기,송풍기",버릇,"구덩이 파기,
굿파기",대한건설단체총연합회
쓰야게시의 순화어로 알맞은 것은?,"윤지우기, 윤끄기",B,"품삯(노임), 계산, 셈","윤지우기, 윤끄기",차양(遮陽),기둥,뒷길이,대한건설단체총연합회
쓰야다시의 순화어로 알맞은 것은?,"윤내기, 광내기",E,"발판, 비계","도금, 올림, 입힘","졸대, 나무오리",씻은자갈,"윤내기, 광내기",대한건설단체총연합회
아나반의 순화어로 알맞은 것은?,구멍철판,D,세우기,"줄눈, 사춤",비계띠장,구멍철판,두장(쌓기),대한건설단체총연합회
아테반의 순화어로 알맞은 것은?,"리벳홀더, 받침판",D,호박돌,눈금,임시조립,"리벳홀더, 받침판",작은보,대한건설단체총연합회
아라이다시의 순화어로 알맞은 것은?,씻어내기,B,쇠메,씻어내기,"양판문, 양널문",미장이,선술,대한건설단체총연합회
아라이쟈리의 순화어로 알맞은 것은?,씻은자갈,D,"축도(築島), 임시섬","품삯(노임), 계산, 셈",물푸기,씻은자갈,"줄눈대,사춤대",대한건설단체총연합회
아미후루이의 순화어로 알맞은 것은?,"망체, 그물체",A,"망체, 그물체",온통파기,"기계비빔, 틀반죽",흙밭,산자갈,대한건설단체총연합회
아바라킨의 순화어로 알맞은 것은?,"배철근, 스터럽
(stirrup)",B,구멍철판,"배철근, 스터럽
(stirrup)",치장 콘크리트,본기둥,"거듭비비기
다시비비기",대한건설단체총연합회
아시바의 순화어로 알맞은 것은?,"발판, 비계",B,구멍철판,"발판, 비계",칸막이,"리벳홀더, 받침판","밑창콘크리트
버림콘크리트",대한건설단체총연합회
아시바마루타의 순화어로 알맞은 것은?,비계목,D,깔도리,"묶음줄, 결속선",수도꼭지,비계목,"거듭비비기
다시비비기",대한건설단체총연합회
아시바이타의 순화어로 알맞은 것은?,"발판널, 비계널",A,"발판널, 비계널","바꾸기, 바꿔대기","기울기, 물매",두치오푼각,"윤지우기, 윤끄기",대한건설단체총연합회
아이바의 순화어로 알맞은 것은?,"맞댐면, 접합면",E,갈고리(hook),토분먹임,"환풍기,송풍기",덤핑(입찰의),"맞댐면, 접합면",대한건설단체총연합회
아카렌가의 순화어로 알맞은 것은?,"붉은벽돌,
빨강벽돌",E,삼 육,재손질,나무틀,곡괭이,"붉은벽돌,
빨강벽돌",대한건설단체총연합회
야네의 순화어로 알맞은 것은?,지붕,E,늘이기,"가득, 한껏",반장(쌓기),막자갈,지붕,대한건설단체총연합회
야네부키의 순화어로 알맞은 것은?,지붕이기,C,외쪽깎기,흙막이,지붕이기,두치오푼각,"리벳홀더, 받침판",대한건설단체총연합회
야리가타의 순화어로 알맞은 것은?,기준틀,E,모접기,세 치 각,"양판문, 양널문","담합, 짬짜미",기준틀,대한건설단체총연합회
야리나오시의 순화어로 알맞은 것은?,"다시하기,
고쳐하기",D,거푸집널(판),휜철근,"터파기, 골파기","다시하기,
고쳐하기",우두머리,대한건설단체총연합회
야마의 순화어로 알맞은 것은?,산,C,"갓돌, 턱돌",납땜,산,말뚝,버팀대,대한건설단체총연합회
nan의 순화어로 알맞은 것은?,사태(沙汰),E,철근,"정, 강철끌","면박, 핀잔",삼 육,사태(沙汰),대한건설단체총연합회
야마도메의 순화어로 알맞은 것은?,흙막이,B,"마른비빔, 건비빔",흙막이,"흙쌓기, 흙돋우기",반침,공간 쌓기,대한건설단체총연합회
야마스나의 순화어로 알맞은 것은?,산모래,A,산모래,홈통,송곳닛돌,펴고르기,비계공,대한건설단체총연합회
야마자리의 순화어로 알맞은 것은?,산자갈,A,산자갈,씻어내기,다짐,뒤채움돌,단높이,대한건설단체총연합회
야스리의 순화어로 알맞은 것은?,줄,D,체질,재,"막쌓기, 허튼쌓기",줄,고르기,대한건설단체총연합회
야이타의 순화어로 알맞은 것은?,"널 말뚝(토)
흙막이널(건)",D,"무늬, 바탕",선술,반장(쌓기),"널 말뚝(토)
흙막이널(건)","리벳치기,
버섯못치기",대한건설단체총연합회
야초의 순화어로 알맞은 것은?,"야장(野帳),
땅재기책",A,"야장(野帳),
땅재기책",임시조립,쇠메,"거듭비비기
다시비비기","균열, 갈림",대한건설단체총연합회
엔토쓰의 순화어로 알맞은 것은?,굴뚝,A,굴뚝,채석장(採石場),"틀, 울거미, 테","다짐바닥, 토방",물다짐,대한건설단체총연합회
오가네의 순화어로 알맞은 것은?,큰직각자,B,벽,큰직각자,"도금, 올림, 입힘",쇠침목,선홈통,대한건설단체총연합회
오도리바의 순화어로 알맞은 것은?,"계단참, 층계참",E,"현장배합, 현장섞기",줄기초 파기,자갈,솔칠,"계단참, 층계참",대한건설단체총연합회
오리마게뎃킨의 순화어로 알맞은 것은?,휜철근,A,휜철근,"줄치기, 줄쳐보기",미장이,"선심, 호기","부순돌, 쇄석",대한건설단체총연합회
오리자쿠의 순화어로 알맞은 것은?,접자,B,큰직각자,접자,"돋움대, 발판대",한장(쌓기),검정,대한건설단체총연합회
오바리의 순화어로 알맞은 것은?,큰보,D,수레,"줄눈, 사춤",널(판),큰보,모접기,대한건설단체총연합회
오비키의 순화어로 알맞은 것은?,멍에,C,벽,기초콘크리트,멍에,바탕만들기,재벌바름,대한건설단체총연합회
오비킨의 순화어로 알맞은 것은?,띠철근,C,심먹(心墨),빈틈,띠철근,차양(遮陽),기둥나누기,대한건설단체총연합회
오사마리의 순화어로 알맞은 것은?,"아무림, 마무리",D,미장이,마구리 쌓기,"현장콘크리트말뚝(토)
제자리콘크리트말뚝(건)","아무림, 마무리",비계다리,대한건설단체총연합회
오사에의 순화어로 알맞은 것은?,누름,E,"토사(土砂), 흙모래","기울기, 물매",못,굴뚝,누름,대한건설단체총연합회
오사에콘쿠리의 순화어로 알맞은 것은?,누름콘크리트,B,"변통, 둘러치기",누름콘크리트,초벌칠(바름),내관,"채움재, 채움감",대한건설단체총연합회
오시다시쓰미의 순화어로 알맞은 것은?,내쌓기,C,"보(토목), 도리(건축)",공시체(供試體),내쌓기,물끊기,"줄눈대,사춤대",대한건설단체총연합회
오시이레의 순화어로 알맞은 것은?,반침,A,반침,"기울기, 물매",다짐대,"말이, 사리",웃창,대한건설단체총연합회
오야가타의 순화어로 알맞은 것은?,우두머리,E,물다짐,받침대,거푸집,송곳닛돌,우두머리,대한건설단체총연합회
오야지의 순화어로 알맞은 것은?,책임자,D,두 치 각,"부순돌, 쇄석","선심, 호기",책임자,"시방서, 방법서",대한건설단체총연합회
오가네의 순화어로 알맞은 것은?,큰직각자,A,큰직각자,"리벳홀더, 받침판",배근(配筋),여유,강자갈,대한건설단체총연합회
오이코시의 순화어로 알맞은 것은?,앞지르기,D,"마감, 끝냄","아무림, 마무리",네 치 각,앞지르기,천장,대한건설단체총연합회
와리이시의 순화어로 알맞은 것은?,깬돌,E,"끌어들임줄(선), 들줄","돌붙임, 붙임돌",재,흙손,깬돌,대한건설단체총연합회
와쿠의 순화어로 알맞은 것은?,"틀, 울거미, 테",E,리벳구멍,비계공,임시물막이,"산뜻이, 시원스럽게, 깨끗이","틀, 울거미, 테",대한건설단체총연합회
요모리의 순화어로 알맞은 것은?,덤돋우기(더돋기),D,뒤채움돌,"달비계, 매단비계",상자,덤돋우기(더돋기),길이쌓기,대한건설단체총연합회
요비린의 순화어로 알맞은 것은?,초인종,E,적층합판(積層合板),판자집,"사석, 베풂돌","통줄눈, 통사춤",초인종,대한건설단체총연합회
요코의 순화어로 알맞은 것은?,"가로, 옆",D,버팀대,"돋움대, 발판대",중도리,"가로, 옆",자갈,대한건설단체총연합회
우라코미의 순화어로 알맞은 것은?,뒤채움,B,길이쌓기,뒤채움,돌망태,흙막이,"바룸돌, 다듬은돌",대한건설단체총연합회
우라코메이시의 순화어로 알맞은 것은?,뒤채움돌,C,굵은철선/쇠줄,"풋내기, 애숭이, 신출내기",뒤채움돌,강모래,"금긋개, 금쇠",대한건설단체총연합회
우마의 순화어로 알맞은 것은?,"돋움대, 발판대",E,문바퀴,장남감,다림추,"풋내기, 애숭이, 신출내기","돋움대, 발판대",대한건설단체총연합회
우메타테의 순화어로 알맞은 것은?,메우기,A,메우기,통나무,기둥,창선반,각목(角木),대한건설단체총연합회
우메모도시의 순화어로 알맞은 것은?,되메우기,A,되메우기,"너트, 암나사","받침목, 침목(枕木)",초벌칠(바름),벽,대한건설단체총연합회
우와누리의 순화어로 알맞은 것은?,정벌바름(덧칠),C,함척,잔다듬(기),정벌바름(덧칠),처마,못,대한건설단체총연합회
nan의 순화어로 알맞은 것은?,정벌칠(덧칠),D,창호 철물,줄기초 파기,뒤채움돌,정벌칠(덧칠),공시체(供試體),대한건설단체총연합회
우치쓰기메의 순화어로 알맞은 것은?,시공이음,A,시공이음,처마홈통,칸자,건널목,책꽂이,대한건설단체총연합회
우치노리의 순화어로 알맞은 것은?,"안목, 안치수",E,책임자,공시체(供試體),씻어내기,"난간, 난간끝,
난간머리","안목, 안치수",대한건설단체총연합회
우치쓰기의 순화어로 알맞은 것은?,이어치기,D,"다시하기,
고쳐하기",현장식당,서까래,이어치기,책임자,대한건설단체총연합회
우치코미의 순화어로 알맞은 것은?,(콘크리트)치기,A,(콘크리트)치기,"돌붙임, 붙임돌","환풍기,송풍기",반장(쌓기),쌍줄비계,대한건설단체총연합회
우케토리의 순화어로 알맞은 것은?,하도급,D,"돌림띠, 쇠시리",문막이널,"각재, 모나무",하도급,동바리,대한건설단체총연합회
우케오이의 순화어로 알맞은 것은?,도맡기,A,도맡기,창선반,처마높이,펴고르기,막자갈,대한건설단체총연합회
우키이시의 순화어로 알맞은 것은?,(들)뜬돌,D,"도금, 올림, 입힘",밑면,라이닝(lining),(들)뜬돌,갈이틀,대한건설단체총연합회
유카의 순화어로 알맞은 것은?,"바닥, 마루",D,십장,"판때기, 패널",잠수부(潛水夫),"바닥, 마루",죄개,대한건설단체총연합회
이누바시리의 순화어로 알맞은 것은?,"중턱, 둑턱",A,"중턱, 둑턱","무늬, 바탕","미레자, 곱자,
곡척","겹이음(토), 겹침","마름질,
나무마름질",대한건설단체총연합회
이타의 순화어로 알맞은 것은?,널(판),B,두겁대,널(판),나무벽돌,"줄치기, 줄쳐보기",틀송곳,대한건설단체총연합회
이모노의 순화어로 알맞은 것은?,"주물, 무쇠붙이",A,"주물, 무쇠붙이",상자,턱솔,버팀대,늘이기,대한건설단체총연합회
이모메지의 순화어로 알맞은 것은?,"통줄눈, 통사춤",E,"풋내기, 애숭이, 신출내기","세로줄눈, 세로사춤",송곳,"물비빔, 물반죽","통줄눈, 통사춤",대한건설단체총연합회
이시와리의 순화어로 알맞은 것은?,"돌나누기, 돌벼름",A,"돌나누기, 돌벼름",먹줄치기,기둥,덤돋우기(더돋기),누름,대한건설단체총연합회
이시쓰미의 순화어로 알맞은 것은?,돌쌓기,A,돌쌓기,반장(쌓기),"판때기, 패널",곁꾼,"상태, 가락",대한건설단체총연합회
이치마이의 순화어로 알맞은 것은?,한장(쌓기),A,한장(쌓기),꺾쇠,"말이, 사리","틀, 골",함석(판),대한건설단체총연합회
이치부베니아의 순화어로 알맞은 것은?,"3mm합판,
1푼합판",E,"마무리, 끝손질,
뒷손질",비계띠장,여유,땅고르기,"3mm합판,
1푼합판",대한건설단체총연합회
자가네의 순화어로 알맞은 것은?,"받침쇠, 와셔
(washer)",B,말뚝,"받침쇠, 와셔
(washer)","희롱, 놀림",책임자,사 푼 널,대한건설단체총연합회
잣세키의 순화어로 알맞은 것은?,"잡석(雜石), 막돌",B,반장(쌓기),"잡석(雜石), 막돌","모따기, 모접기","계단참, 층계참","제비뽑기, 추첨",대한건설단체총연합회
자리의 순화어로 알맞은 것은?,자갈,D,통나무,평떼,"바닥, 마루",자갈,두치오푼각,대한건설단체총연합회
자바라의 순화어로 알맞은 것은?,"돌림띠, 쇠시리",C,"만회, 되돌림","요철, 울퉁불퉁","돌림띠, 쇠시리","메쌓기(토),
건성쌓기(건)","뿜칠, 뿜어붙이기",대한건설단체총연합회
자카고의 순화어로 알맞은 것은?,돌망태,B,철근,돌망태,재벌칠,고르기,시멘트풀칠,대한건설단체총연합회
젠다이의 순화어로 알맞은 것은?,창선반,C,창호 철물,잔다듬(기),창선반,검정,"거친면, 채석면",대한건설단체총연합회
조기의 순화어로 알맞은 것은?,자,D,"만회, 되돌림",나무틀,받침대,자,"침하(沈下),
내려앉기",대한건설단체총연합회
조반의 순화어로 알맞은 것은?,경첩,E,뒤채움,재,기다림,"덮개, 씌우개, 포장",경첩,대한건설단체총연합회
즈리의 순화어로 알맞은 것은?,버력,A,버력,송곳,"만회, 되돌림","바닥, 마루",눈먹임,대한건설단체총연합회
지나라시의 순화어로 알맞은 것은?,땅고르기,A,땅고르기,자,"틀, 골","3mm합판,
1푼합판",밑면,대한건설단체총연합회
진카의 순화어로 알맞은 것은?,"침하(沈下),
내려앉기",B,비계목,"침하(沈下),
내려앉기",칠 푼 널,지붕,나사,대한건설단체총연합회
하리의 순화어로 알맞은 것은?,보,C,홈통,십장,보,"바닥, 마루","견적(見積), 어림셈",대한건설단체총연합회
하리가네의 순화어로 알맞은 것은?,철사,B,바꾸기,철사,깔도리,"면박, 핀잔",두겁대,대한건설단체총연합회
하리시바의 순화어로 알맞은 것은?,평떼,D,"심보, 본색",발판,바탕만들기,평떼,"함석, 아연철판",대한건설단체총연합회
하리이시의 순화어로 알맞은 것은?,"돌붙임, 붙임돌",C,사 팔,"마무리, 끝손질,
뒷손질","돌붙임, 붙임돌",빈틈,"갓돌, 턱돌",대한건설단체총연합회
하바의 순화어로 알맞은 것은?,"너비, 폭",A,"너비, 폭",육 푼 널,"너트, 암나사",지렛대,"정, 강철끌",대한건설단체총연합회
하바키의 순화어로 알맞은 것은?,걸레받이,C,외쪽돋기,본기둥,걸레받이,여유,"망체, 그물체",대한건설단체총연합회
하시라의 순화어로 알맞은 것은?,기둥,E,초벌칠(바름),임시조립,가장자리,"뿜칠, 뿜어붙이기",기둥,대한건설단체총연합회
하시라와리의 순화어로 알맞은 것은?,기둥나누기,A,기둥나누기,난간,함척,적중,길이쌓기,대한건설단체총연합회
하이고의 순화어로 알맞은 것은?,"배합(配合),
섞음푼수",C,보,"냄새막이관
트랩(trap)","배합(配合),
섞음푼수",비탈,수레,대한건설단체총연합회
하이킨의 순화어로 알맞은 것은?,배근(配筋),A,배근(配筋),경첩,정 다듬(기),자갈,"침하(沈下),
내려앉기",대한건설단체총연합회
하케누리의 순화어로 알맞은 것은?,솔칠,C,이음매,작은보,솔칠,"산뜻이, 시원스럽게, 깨끗이","양판문, 양널문",대한건설단체총연합회
하코의 순화어로 알맞은 것은?,상자,B,"가득, 한껏",상자,바탕만들기,이음매,버력,대한건설단체총연합회
하코방의 순화어로 알맞은 것은?,판자집,D,"뿜칠, 뿜어붙이기",이음매,품(삯),판자집,"윗면, 꼭대기",대한건설단체총연합회
하코자쿠의 순화어로 알맞은 것은?,함척,D,짐꾸리기,"난간, 난간끝,
난간머리",시공이음,함척,치장 콘크리트,대한건설단체총연합회
하코조의 순화어로 알맞은 것은?,함자물쇠,A,함자물쇠,차양(遮陽),"정, 강철끌",회반죽,기다림,대한건설단체총연합회
하타가쿠의 순화어로 알맞은 것은?,띠장재,D,"줄치기, 줄쳐보기",벽돌나누기,"물막이 공, 마감",띠장재,구멍철판,대한건설단체총연합회
한다의 순화어로 알맞은 것은?,납땜,B,본뜨기,납땜,잔다듬(기),체가름,본판,대한건설단체총연합회
한마이의 순화어로 알맞은 것은?,반장(쌓기),E,창대,통나무,지붕(바탕)널,"발판, 비계",반장(쌓기),대한건설단체총연합회
한바의 순화어로 알맞은 것은?,현장식당,B,벽,현장식당,문틀,"판때기, 패널","축도(築島), 임시섬",대한건설단체총연합회
헤베의 순화어로 알맞은 것은?,평방미터(㎡),C,띠철근,현장식당,평방미터(㎡),"부본(副本), 덧벌, 베낌벌",견제,대한건설단체총연합회
호네구미의 순화어로 알맞은 것은?,뼈대(골조),A,뼈대(골조),기초,흙밭,"환풍기,송풍기",재손질,대한건설단체총연합회
호로의 순화어로 알맞은 것은?,"덮개, 씌우개, 포장",A,"덮개, 씌우개, 포장","갈아내기, 갈기","판때기, 패널","묶음줄, 결속선",빈틈,대한건설단체총연합회
호리가타의 순화어로 알맞은 것은?,"터파기, 골파기",A,"터파기, 골파기",팔 푼 널,사태(沙汰),쐐기,서까래,대한건설단체총연합회
흔바시라의 순화어로 알맞은 것은?,본기둥,D,"안목, 안치수",(건설현장근로자),"터파기, 골파기",본기둥,"균열, 갈림",대한건설단체총연합회
혼타테의 순화어로 알맞은 것은?,책꽂이,D,배반,기준틀,벽,책꽂이,홈통,대한건설단체총연합회
혼아시바의 순화어로 알맞은 것은?,쌍줄비계,D,물다짐,본판,"마름질,
나무마름질",쌍줄비계,견제,대한건설단체총연합회
후키쓰케의 순화어로 알맞은 것은?,"뿜칠, 뿜어붙이기",E,나무벽돌,"견적(見積), 어림셈",미끄럼 막이,"노루발 장도리,
쇠지레","뿜칠, 뿜어붙이기",대한건설단체총연합회
후루이분세키의 순화어로 알맞은 것은?,체가름,D,정벌칠(덧칠),"가득, 한껏",큰직각자,체가름,처마높이,대한건설단체총연합회
후루이와케의 순화어로 알맞은 것은?,체질,E,"배철근, 스터럽
(stirrup)",씻은자갈,"다시하기,
고쳐하기",자갈,체질,대한건설단체총연합회
후미키리의 순화어로 알맞은 것은?,건널목,A,건널목,잠수부(潛水夫),재벌칠,통나무,본뜨기,대한건설단체총연합회
후안(팬)의 순화어로 알맞은 것은?,"환풍기,송풍기",E,칠 푼 널,"보(토목), 도리(건축)","장선(長線), 받침목","굄재(chair), 굄감","환풍기,송풍기",대한건설단체총연합회
후치이시의 순화어로 알맞은 것은?,"갓돌, 턱돌",D,땅고르기,"떨공이
(drop hammer)",두겁대,"갓돌, 턱돌",세 치 각,대한건설단체총연합회
훗고의 순화어로 알맞은 것은?,라이닝(lining),B,"무늬, 바탕",라이닝(lining),"비꼬기, 비웃음",네 치 각,"안목, 안치수",대한건설단체총연합회
훗구(훅)의 순화어로 알맞은 것은?,갈고리(hook),D,"갓돌, 턱돌",산모래,치수,갈고리(hook),반침,대한건설단체총연합회
히카에의 순화어로 알맞은 것은?,뒷길이,A,뒷길이,처마홈통,잠수부(潛水夫),"침하(沈下),
내려앉기","잡석(雜石), 막돌",대한건설단체총연합회
히사시의 순화어로 알맞은 것은?,차양(遮陽),D,"모따기, 모접기",다짐대,"바꾸기, 바꿔대기",차양(遮陽),거푸집,대한건설단체총연합회
가라의 순화어로 알맞은 것은?,"무늬, 바탕",B,메우기,"무늬, 바탕",세우기,창호 철물,누름,대한건설단체총연합회
가부시키의 순화어로 알맞은 것은?,"추렴, 주식",D,물다짐,작은각목,문틀선,"추렴, 주식",단높이,대한건설단체총연합회
간조의 순화어로 알맞은 것은?,"셈, 계산",E,깔도리,"정, 강철끌",지붕(바탕)널,누름,"셈, 계산",대한건설단체총연합회
겐세이의 순화어로 알맞은 것은?,견제,E,갈고리(hook),"짐작, 어림","미레자, 곱자,
곡척","모서리쇠, 귓쇠",견제,대한건설단체총연합회
겐토의 순화어로 알맞은 것은?,"짐작, 어림",E,흙깎기,통나무,길이쌓기,접자,"짐작, 어림",대한건설단체총연합회
고마카시의 순화어로 알맞은 것은?,"속임(수), 야바위",E,세 치 각,두 치 각,두장(쌓기),솔칠,"속임(수), 야바위",대한건설단체총연합회
곤조의 순화어로 알맞은 것은?,"심보, 본색",B,홈파기,"심보, 본색","침하(沈下),
내려앉기","네모돌, 각석, 모돌",하도급,대한건설단체총연합회
구사리의 순화어로 알맞은 것은?,"면박, 핀잔",D,다짐대,기초,선술,"면박, 핀잔",비계다리,대한건설단체총연합회
구세의 순화어로 알맞은 것은?,버릇,A,버릇,틀비계,"견적(見積), 어림셈",작은각목,무지개 거푸집,대한건설단체총연합회
구지비키의 순화어로 알맞은 것은?,"제비뽑기, 추첨",B,얼룩빼기,"제비뽑기, 추첨",나사못,걸레받이,헛간,대한건설단체총연합회
기마에의 순화어로 알맞은 것은?,"선심, 호기",B,창호 철물,"선심, 호기",강모래,"굄재(chair), 굄감","나눠내기, 각자부담, 추렴",대한건설단체총연합회
기리카에의 순화어로 알맞은 것은?,"바꾸기, 바꿔대기",D,줄기초 파기,"졸대, 나무오리",반침,"바꾸기, 바꿔대기","선심, 호기",대한건설단체총연합회
기리코미의 순화어로 알맞은 것은?,덤핑(입찰의),E,"모따기, 모접기","윤지우기, 윤끄기",꽂이 쇠,펴고르기,덤핑(입찰의),대한건설단체총연합회
기즈의 순화어로 알맞은 것은?,흠,B,"부순돌, 쇄석",흠,"채움재, 채움감",내쌓기,문바퀴,대한건설단체총연합회
다치노미의 순화어로 알맞은 것은?,선술,C,땅고르기,칠 푼 널,선술,우선지급,ㅅ(시옷) 자보,대한건설단체총연합회
마에가리의 순화어로 알맞은 것은?,우선지급,E,"속임(수), 야바위","물비빔, 물반죽",난간,"윤내기, 광내기",우선지급,대한건설단체총연합회
반카이의 순화어로 알맞은 것은?,"만회, 되돌림",B,쇠메,"만회, 되돌림",쐐기,문바퀴,온통파기,대한건설단체총연합회
분파이의 순화어로 알맞은 것은?,"분배, 나눔, 노늠",C,"석재(石材), 돌",쌍줄비계,"분배, 나눔, 노늠",수평보기,건널목,대한건설단체총연합회
쇼부의 순화어로 알맞은 것은?,"결판, 흥정",A,"결판, 흥정",발판,죌감,이어치기,버팀대,대한건설단체총연합회
신마이의 순화어로 알맞은 것은?,"풋내기, 애숭이, 신출내기",B,"반자틀, 반잣대","풋내기, 애숭이, 신출내기","속임(수), 야바위",끝마구리,철판,대한건설단체총연합회
아타리의 순화어로 알맞은 것은?,적중,D,판자집,"변통, 둘러치기",띠장재,적중,공시체(供試體),대한건설단체총연합회
앗사리의 순화어로 알맞은 것은?,"산뜻이, 시원스럽게, 깨끗이",C,멍에,문틀선,"산뜻이, 시원스럽게, 깨끗이","찰 쌓 기(토)
사춤쌓기(건)",사태(沙汰),대한건설단체총연합회
야리쿠리의 순화어로 알맞은 것은?,"변통, 둘러치기",B,상자,"변통, 둘러치기",송곳,틀송곳,천장,대한건설단체총연합회
야지의 순화어로 알맞은 것은?,야유,D,철사,"겹이음(토), 겹침",내쌓기,야유,"윤지우기, 윤끄기",대한건설단체총연합회
오모차의 순화어로 알맞은 것은?,장남감,B,"계단참, 층계참",장남감,틀비계,바탕,중도리,대한건설단체총연합회
와리칸의 순화어로 알맞은 것은?,"나눠내기, 각자부담, 추렴",C,"금형, 쇠거푸집",외쪽돋기,"나눠내기, 각자부담, 추렴","말이, 사리","울거미, 문틀",대한건설단체총연합회
우라가키의 순화어로 알맞은 것은?,"배서, 뒷보증",D,체가름,"찰흙,진흙,점토(粘土)",홈통,"배서, 뒷보증",나무틀,대한건설단체총연합회
우라키리의 순화어로 알맞은 것은?,배반,A,배반,"너비, 폭",정벌바름(덧칠),턱솔,"틀, 울거미, 테",대한건설단체총연합회
유토리의 순화어로 알맞은 것은?,여유,E,각목(角木),"받침대, 지주,
동바리",무지개 거푸집,잔다듬(기),여유,대한건설단체총연합회
잇파이의 순화어로 알맞은 것은?,"가득, 한껏",C,접자,중도리,"가득, 한껏",창선반,"바룸돌, 다듬은돌",대한건설단체총연합회
조시의 순화어로 알맞은 것은?,"상태, 가락",D,차양(遮陽),현장,함척,"상태, 가락",ㅅ(시옷) 자보,대한건설단체총연합회
히니꾸의 순화어로 알맞은 것은?,"비꼬기, 비웃음",D,"정, 끌",천장,곡괭이,"비꼬기, 비웃음","너트, 암나사",대한건설단체총연합회
히야카시의 순화어로 알맞은 것은?,"희롱, 놀림",D,두치오푼각,받침대,기준틀,"희롱, 놀림","난간, 난간끝,
난간머리",대한건설단체총연합회
히카에의 순화어로 알맞은 것은?,"부본(副本), 덧벌, 베낌벌",D,"난간, 난간끝,
난간머리","줄눈파기,사춤파기","묶음줄, 결속선","부본(副本), 덧벌, 베낌벌",흙뜨기,대한건설단체총연합회
히키코미의 순화어로 알맞은 것은?,끌어들이기,E,두 치 각,"현장배합, 현장섞기","막돌, 호박돌",바탕,끌어들이기,대한건설단체총연합회
히키코미센의 순화어로 알맞은 것은?,"끌어들임줄(선), 들줄",E,"줄눈, 사춤","거죽두께, 덮임두께",줄떼,"윤내기, 광내기","끌어들임줄(선), 들줄",대한건설단체총연합회
삼부이타의 순화어로 알맞은 것은?,삼 푼 널,A,삼 푼 널,자,강모래,"물비빔, 물반죽",굵은철선/쇠줄,대한건설단체총연합회
욘부이타의 순화어로 알맞은 것은?,사 푼 널,C,"흙쌓기, 흙돋우기","끌어들임줄(선), 들줄",사 푼 널,선홈통,"현장배합, 현장섞기",대한건설단체총연합회
고부이타의 순화어로 알맞은 것은?,오 푼 널,C,현장,돌쌓기,오 푼 널,"맞댐면, 접합면","찰 쌓 기(토)
사춤쌓기(건)",대한건설단체총연합회
로쿠부이타의 순화어로 알맞은 것은?,육 푼 널,B,비탈끝,육 푼 널,"건비빔, 건반죽","희롱, 놀림",문바퀴,대한건설단체총연합회
시치부이타의 순화어로 알맞은 것은?,칠 푼 널,A,칠 푼 널,"희롱, 놀림",우선지급,사태(沙汰),십장,대한건설단체총연합회
하치부이타의 순화어로 알맞은 것은?,팔 푼 널,A,팔 푼 널,꺾쇠,기다림,"산뜻이, 시원스럽게, 깨끗이","배철근, 스터럽
(stirrup)",대한건설단체총연합회
사부로쿠의 순화어로 알맞은 것은?,삼 육,A,삼 육,처마높이,흠,강모래,(콘크리트)치기,대한건설단체총연합회
시하치의 순화어로 알맞은 것은?,사 팔,A,사 팔,"마른비빔, 건비빔",굴뚝,"나눠내기, 각자부담, 추렴",벽돌,대한건설단체총연합회
잇슨가쿠의 순화어로 알맞은 것은?,한 치 각,C,천장,재칠,한 치 각,수레,평떼,대한건설단체총연합회
잇슨니부가쿠의 순화어로 알맞은 것은?,한치두푼각,A,한치두푼각,배반,녹막이 칠,라이닝(lining),꺾쇠,대한건설단체총연합회
잇슨고부가쿠의 순화어로 알맞은 것은?,한치오푼각,E,ㅅ(시옷) 자보,빈틈,"채움재, 채움감",버릇,한치오푼각,대한건설단체총연합회
니슨가쿠의 순화어로 알맞은 것은?,두 치 각,B,창호 철물,두 치 각,작은각목,(들)뜬돌,"마른비빔, 건비빔",대한건설단체총연합회
니슨고부가쿠의 순화어로 알맞은 것은?,두치오푼각,C,지붕보,씻어내기,두치오푼각,토분먹임,"끌어들임줄(선), 들줄",대한건설단체총연합회
산슨가쿠의 순화어로 알맞은 것은?,세 치 각,D,장남감,"윗면, 꼭대기","거친면, 채석면",세 치 각,흙밭,대한건설단체총연합회
욘슨가쿠의 순화어로 알맞은 것은?,네 치 각,D,"세로줄눈, 세로사춤","마름질,
나무마름질","거죽두께, 덮임두께",네 치 각,줄다리,대한건설단체총연합회
